0,1,2,3
tqqq,,sqqq,
2023. 6. 2,2012. 1. 1,,
20230602,36.46,20230602,21.97
Date,Close,Date,Close
20120103,0.75,20120103,118976
20120104,0.76,20120104,117376
20120105,0.78,20120105,114368
20120106,0.78,20120106,113216
20120109,0.78,20120109,114240
20120110,0.79,20120110,111872
20120111,0.8,20120111,111168
20120112,0.81,20120112,109632
20120113,0.8,20120113,110848
20120117,0.82,20120117,108160
20120118,0.85,20120118,103744
20120119,0.87,20120119,101632
20120120,0.87,20120120,102016
20120123,0.87,20120123,102016
20120124,0.86,20120124,102528
20120125,0.89,20120125,98688
20120126,0.89,20120126,99705.6
20120127,0.89,20120127,98816
20120130,0.9,20120130,98560
20120131,0.9,20120131,98112
20120201,0.92,20120201,95808
20120202,0.93,20120202,94848
20120203,0.97,20120203,91008
20120206,0.97,20120206,91072
20120207,0.97,20120207,90432
20120208,0.99,20120208,89216
20120209,1.01,20120209,87168
20120210,0.99,20120210,88960
20120213,1.01,20120213,86464
20120214,1.02,20120214,85830.4
20120215,1,20120215,87744
20120216,1.04,20120216,83968
20120217,1.03,20120217,84800
20120221,1.04,20120221,84032
20120222,1.03,20120222,85120
20120223,1.05,20120223,83520
20120224,1.06,20120224,82624
20120227,1.06,20120227,82368
20120228,1.09,20120228,79872
20120229,1.08,20120229,80896
20120301,1.11,20120301,78848
20120302,1.1,20120302,79104
20120305,1.07,20120305,81472
20120306,1.04,20120306,83904
20120307,1.06,20120307,82048
20120308,1.09,20120308,79296
20120309,1.11,20120309,78400
20120312,1.11,20120312,78272.64
20120313,1.17,20120313,73792
20120314,1.19,20120314,72960
20120315,1.19,20120315,72448
20120316,1.19,20120316,72576
20120319,1.22,20120319,70976
20120320,1.22,20120320,70592
20120321,1.22,20120321,70592
20120322,1.22,20120322,71040
20120323,1.21,20120323,71104
20120326,1.28,20120326,67328
20120327,1.28,20120327,67072
20120328,1.27,20120328,67840
20120329,1.25,20120329,68672
20120330,1.25,20120330,69056
20120402,1.28,20120402,66880
20120403,1.28,20120403,66944
20120404,1.23,20120404,69696
20120405,1.25,20120405,68352
20120409,1.23,20120409,69952
20120410,1.17,20120410,73216
20120411,1.18,20120411,72256
20120412,1.22,20120412,69696
20120413,1.17,20120413,72896
20120416,1.13,20120416,75136
20120417,1.2,20120417,70720
20120418,1.19,20120418,71232
20120419,1.15,20120419,73472
20120420,1.14,20120420,74368
20120423,1.11,20120423,76160
20120424,1.09,20120424,77504
20120425,1.18,20120425,71296
20120426,1.2,20120426,70016
20120427,1.22,20120427,68864
20120430,1.19,20120430,70208
20120501,1.2,20120501,69888
20120502,1.21,20120502,69376
20120503,1.17,20120503,71424
20120504,1.08,20120504,76800
20120507,1.09,20120507,76608
20120508,1.07,20120508,77504
20120509,1.07,20120509,77888
20120510,1.06,20120510,78688
20120511,1.06,20120511,78736
20120514,1.03,20120514,80928
20120515,1.02,20120515,81696
20120516,1,20120516,83424
20120517,0.93,20120517,88704
20120518,0.9,20120518,91888
20120521,0.97,20120521,84432
20120522,0.97,20120522,84752
20120523,0.97,20120523,84160
20120524,0.96,20120524,85712
20120525,0.95,20120525,86224
20120529,0.99,20120529,82880
20120530,0.96,20120530,84896
20120531,0.95,20120531,86064
20120601,0.87,20120601,93024
20120604,0.89,20120604,90832
20120605,0.91,20120605,89648
20120606,0.97,20120606,83424
20120607,0.96,20120607,84416
20120608,0.98,20120608,81920
20120611,0.94,20120611,85776
20120612,0.97,20120612,83008
20120613,0.95,20120613,84752
20120614,0.96,20120614,83680
20120615,0.99,20120615,80432
20120618,1.02,20120618,78416
20120619,1.05,20120619,75904
20120620,1.06,20120620,75648
20120621,0.98,20120621,81296
20120622,1.01,20120622,78768
20120625,0.95,20120625,83360
20120626,0.97,20120626,81728
20120627,0.98,20120627,80272
20120628,0.95,20120628,82784
20120629,1.04,20120629,75072
20120702,1.05,20120702,74320
20120703,1.08,20120703,72560
20120705,1.08,20120705,72400
20120706,1.04,20120706,75072
20120709,1.03,20120709,75472
20120710,1,20120710,77568
20120711,0.99,20120711,78944
20120712,0.96,20120712,81200
20120713,1,20120713,77552
20120716,0.99,20120716,78160
20120717,1.01,20120717,76912
20120718,1.05,20120718,73728
20120719,1.08,20120719,71328
20120720,1.04,20120720,74016
20120723,1,20120723,76800
20120724,0.98,20120724,78592
20120725,0.96,20120725,80192
20120726,1,20120726,77136
20120727,1.07,20120727,71408
20120730,1.06,20120730,71776
20120731,1.07,20120731,71840
20120801,1.06,20120801,72240
20120802,1.04,20120802,73088
20120803,1.1,20120803,68928
20120806,1.13,20120806,67376
20120807,1.16,20120807,65680
20120808,1.15,20120808,65792
20120809,1.16,20120809,65248
20120810,1.17,20120810,64992
20120813,1.18,20120813,64544
20120814,1.18,20120814,64480
20120815,1.19,20120815,64000
20120816,1.23,20120816,61696
20120817,1.25,20120817,60864
20120820,1.25,20120820,60576
20120821,1.24,20120821,61360
20120822,1.25,20120822,60608
20120823,1.22,20120823,61952
20120824,1.24,20120824,60928
20120827,1.25,20120827,60608
20120828,1.25,20120828,60560
20120829,1.25,20120829,60560
20120830,1.21,20120830,62400
20120831,1.24,20120831,61200
20120904,1.23,20120904,61248
20120905,1.23,20120905,61504
20120906,1.31,20120906,57440
20120907,1.3,20120907,57632
20120910,1.25,20120910,59776
20120911,1.25,20120911,60064
20120912,1.26,20120912,59504
20120913,1.31,20120913,57152
20120914,1.34,20120914,55600
20120917,1.35,20120917,55553.6
20120918,1.35,20120918,55425.6
20120919,1.36,20120919,55056
20120920,1.35,20120920,55216
20120921,1.35,20120921,55200
20120924,1.33,20120924,56256
20120925,1.28,20120925,58480
20120926,1.24,20120926,59920
20120927,1.29,20120927,57424
20120928,1.26,20120928,58848
20121001,1.26,20121001,59056
20121002,1.27,20121002,58576
20121003,1.29,20121003,57535.84
20121004,1.31,20121004,56880
20121005,1.28,20121005,57776
20121008,1.25,20121008,59328
20121009,1.18,20121009,62224
20121010,1.17,20121010,63121.6
20121011,1.16,20121011,63808
20121012,1.16,20121012,63840
20121015,1.18,20121015,62464
20121016,1.23,20121016,59632
20121017,1.23,20121017,59872
20121018,1.19,20121018,61856
20121019,1.1,20121019,66368
20121022,1.12,20121022,65344
20121023,1.09,20121023,67232
20121024,1.08,20121024,68000
20121025,1.08,20121025,67824
20121026,1.09,20121026,67200
20121031,1.07,20121031,68480
20121101,1.11,20121101,65536
20121102,1.07,20121102,67760
20121105,1.1,20121105,66288
20121106,1.1,20121106,65872
20121107,1.02,20121107,70512
20121108,0.98,20121108,73904
20121109,0.99,20121109,72960
20121112,0.99,20121112,72944
20121113,0.97,20121113,74480
20121114,0.93,20121114,77120
20121115,0.92,20121115,77955.2
20121116,0.93,20121116,77072
20121119,1,20121119,71360
20121120,1,20121120,71336
20121121,1.01,20121121,70848
20121123,1.06,20121123,67632
20121126,1.07,20121126,66735.36
20121127,1.06,20121127,67424
20121128,1.09,20121128,65760
20121129,1.1,20121129,64544
20121130,1.1,20121130,64752
20121203,1.09,20121203,65120
20121204,1.09,20121204,65472
20121205,1.05,20121205,67456
20121206,1.07,20121206,66240
20121207,1.05,20121207,67344
20121210,1.06,20121210,66704
20121211,1.11,20121211,64128
20121212,1.1,20121212,64608
20121213,1.07,20121213,66032
20121214,1.04,20121214,67904
20121217,1.08,20121217,65184
20121218,1.13,20121218,62195.2
20121219,1.12,20121219,63088
20121220,1.12,20121220,63040
20121221,1.08,20121221,65008
20121224,1.07,20121224,65520
20121226,1.05,20121226,67100.8
20121227,1.04,20121227,67392
20121228,1.01,20121228,69344
20121231,1.08,20121231,64880
20130102,1.18,20130102,58704
20130103,1.16,20130103,59584
20130104,1.15,20130104,60176
20130107,1.15,20130107,60064
20130108,1.15,20130108,60400
20130109,1.16,20130109,59856
20130110,1.18,20130110,58768
20130111,1.18,20130111,58528
20130114,1.17,20130114,59280
20130115,1.15,20130115,60144
20130116,1.16,20130116,59424
20130117,1.18,20130117,58544
20130118,1.17,20130118,58976
20130122,1.18,20130122,58640
20130123,1.2,20130123,57632
20130124,1.15,20130124,59952
20130125,1.17,20130125,59072
20130128,1.18,20130128,58752
20130129,1.18,20130129,58672
20130130,1.17,20130130,58880
20130131,1.16,20130131,59360
20130201,1.2,20130201,57296
20130204,1.14,20130204,60290.08
20130205,1.19,20130205,57648
20130206,1.18,20130206,58176
20130207,1.18,20130207,58016
20130208,1.22,20130208,56238.4
20130211,1.22,20130211,56240
20130212,1.2,20130212,56896
20130213,1.22,20130213,56256
20130214,1.21,20130214,56352
20130215,1.2,20130215,56816
20130219,1.23,20130219,55552
20130220,1.17,20130220,58032
20130221,1.13,20130221,60016
20130222,1.17,20130222,58224
20130225,1.12,20130225,60384
20130226,1.14,20130226,59680
20130227,1.17,20130227,57808
20130228,1.17,20130228,58112
20130301,1.18,20130301,57328
20130304,1.2,20130304,56560
20130305,1.25,20130305,54144
20130306,1.24,20130306,54560
20130307,1.25,20130307,54112
20130308,1.25,20130308,53904
20130311,1.26,20130311,53456
20130312,1.25,20130312,54112
20130313,1.25,20130313,54256
20130314,1.26,20130314,53712
20130315,1.25,20130315,54144
20130318,1.24,20130318,54544
20130319,1.23,20130319,54720
20130320,1.26,20130320,53696
20130321,1.22,20130321,55424
20130322,1.25,20130322,53904
20130325,1.24,20130325,54448
20130326,1.26,20130326,53568
20130327,1.26,20130327,53296
20130328,1.27,20130328,52960
20130401,1.25,20130401,54016
20130402,1.27,20130402,52736
20130403,1.24,20130403,54048
20130404,1.24,20130404,54064
20130405,1.21,20130405,55472
20130408,1.23,20130408,54592
20130409,1.25,20130409,53488
20130410,1.33,20130410,50368
20130411,1.32,20130411,50352
20130412,1.32,20130412,50464
20130415,1.24,20130415,53536
20130416,1.29,20130416,51296
20130417,1.22,20130417,54352
20130418,1.17,20130418,56656
20130419,1.21,20130419,54176
20130422,1.25,20130422,52640
20130423,1.29,20130423,51136
20130424,1.28,20130424,51200
20130425,1.31,20130425,50352
20130426,1.29,20130426,50816
20130429,1.33,20130429,49424
20130430,1.36,20130430,48336
20130501,1.34,20130501,48944
20130502,1.39,20130502,47184
20130503,1.44,20130503,45520
20130506,1.46,20130506,44992
20130507,1.45,20130507,45088
20130508,1.48,20130508,44352
20130509,1.47,20130509,44496
20130510,1.5,20130510,43712
20130513,1.5,20130513,43552
20130514,1.52,20130514,42928
20130515,1.53,20130515,42656
20130516,1.53,20130516,42800
20130517,1.57,20130517,41520
20130520,1.57,20130520,41792
20130521,1.57,20130521,41552
20130522,1.53,20130522,42640
20130523,1.52,20130523,42960
20130524,1.52,20130524,43024
20130528,1.55,20130528,42160
20130529,1.52,20130529,42800
20130530,1.55,20130530,42112
20130531,1.5,20130531,43392
20130603,1.51,20130603,42992
20130604,1.49,20130604,43696
20130605,1.43,20130605,45360
20130606,1.45,20130606,44752
20130607,1.51,20130607,42912
20130610,1.51,20130610,42848.16
20130611,1.47,20130611,44128
20130612,1.42,20130612,45632
20130613,1.47,20130613,43936
20130614,1.44,20130614,44736
20130617,1.48,20130617,43520
20130618,1.52,20130618,42448
20130619,1.47,20130619,43840
20130620,1.36,20130620,47056
20130621,1.34,20130621,47600
20130624,1.3,20130624,49040
20130625,1.33,20130625,48080
20130626,1.36,20130626,46768
20130627,1.38,20130627,46096
20130628,1.38,20130628,46048
20130701,1.41,20130701,45104
20130702,1.41,20130702,45120
20130703,1.43,20130703,44480
20130705,1.46,20130705,43504
20130708,1.47,20130708,43344
20130709,1.5,20130709,42560
20130710,1.52,20130710,41808
20130711,1.62,20130711,39296
20130712,1.63,20130712,38816
20130715,1.65,20130715,38528
20130716,1.64,20130716,38672
20130717,1.65,20130717,38416
20130718,1.64,20130718,38640
20130719,1.59,20130719,39840
20130722,1.6,20130722,39520
20130723,1.56,20130723,40384
20130724,1.58,20130724,39984
20130725,1.61,20130725,39216
20130726,1.63,20130726,38608
20130729,1.63,20130729,38752
20130730,1.65,20130730,38224
20130731,1.66,20130731,38032
20130801,1.71,20130801,36832
20130802,1.74,20130802,36192
20130805,1.74,20130805,36144
20130806,1.71,20130806,36784
20130807,1.7,20130807,36896
20130808,1.73,20130808,36384
20130809,1.71,20130809,36832
20130812,1.72,20130812,36640
20130813,1.75,20130813,35984
20130814,1.73,20130814,36400
20130815,1.64,20130815,38208
20130816,1.64,20130816,38304
20130819,1.63,20130819,38472
20130820,1.65,20130820,37952
20130821,1.63,20130821,38352
20130822,1.68,20130822,37264
20130823,1.72,20130823,36512
20130826,1.72,20130826,36464
20130827,1.61,20130827,38672
20130828,1.63,20130828,38192
20130829,1.66,20130829,37424
20130830,1.63,20130830,38096
20130903,1.66,20130903,37472
20130904,1.71,20130904,36224
20130905,1.72,20130905,36096
20130906,1.73,20130906,35888
20130909,1.79,20130909,34640
20130910,1.82,20130910,34160
20130911,1.81,20130911,34368
20130912,1.8,20130912,34480
20130913,1.8,20130913,34368
20130916,1.79,20130916,34656
20130917,1.83,20130917,33936
20130918,1.89,20130918,32720
20130919,1.9,20130919,32497.6
20130920,1.88,20130920,32816
20130923,1.87,20130923,33008
20130924,1.87,20130924,33008
20130925,1.86,20130925,33312
20130926,1.9,20130926,32544
20130927,1.89,20130927,32640
20130930,1.88,20130930,33040
20131001,1.93,20131001,31952
20131002,1.93,20131002,31952
20131003,1.86,20131003,33072
20131004,1.91,20131004,32224
20131007,1.86,20131007,33008
20131008,1.76,20131008,34864
20131009,1.74,20131009,35264
20131010,1.85,20131010,33024
20131011,1.89,20131011,32256
20131014,1.93,20131014,31536
20131015,1.91,20131015,31920
20131016,1.97,20131016,30816
20131017,2.01,20131017,30320
20131018,2.11,20131018,28848
20131021,2.12,20131021,28672
20131022,2.12,20131022,28528
20131023,2.09,20131023,29024
20131024,2.12,20131024,28640
20131025,2.16,20131025,28064
20131028,2.16,20131028,28016
20131029,2.17,20131029,27888
20131030,2.17,20131030,27984
20131031,2.15,20131031,28112
20131101,2.15,20131101,28128
20131104,2.16,20131104,28000
20131105,2.17,20131105,27872
20131106,2.17,20131106,27920
20131107,2.05,20131107,29488
20131108,2.13,20131108,28304
20131111,2.12,20131111,28416
20131112,2.13,20131112,28288
20131113,2.2,20131113,27200
20131114,2.22,20131114,27056
20131115,2.24,20131115,26848
20131118,2.18,20131118,27616
20131119,2.15,20131119,27856
20131120,2.14,20131120,28064
20131121,2.2,20131121,27214.4
20131122,2.24,20131122,26768
20131125,2.25,20131125,26592
20131126,2.29,20131126,26176
20131127,2.34,20131127,25600
20131129,2.38,20131129,25216
20131202,2.36,20131202,25392
20131203,2.35,20131203,25392
20131204,2.36,20131204,25344
20131205,2.35,20131205,25440
20131206,2.4,20131206,24896
20131209,2.43,20131209,24616
20131210,2.43,20131210,24640
20131211,2.33,20131211,25600
20131212,2.32,20131212,25760
20131213,2.3,20131213,25888
20131216,2.34,20131216,25440
20131217,2.33,20131217,25568
20131218,2.41,20131218,24688
20131219,2.39,20131219,24912
20131220,2.46,20131220,24160
20131223,2.54,20131223,23408
20131224,2.54,20131224,23344
20131226,2.57,20131226,23152
20131227,2.55,20131227,23312
20131230,2.54,20131230,23392
20131231,2.59,20131231,22960
20140102,2.53,20140102,23488
20140103,2.47,20140103,24000
20140106,2.44,20140106,24256
20140107,2.51,20140107,23584
20140108,2.53,20140108,23408
20140109,2.5,20140109,23696
20140110,2.53,20140110,23424
20140113,2.41,20140113,24464
20140114,2.55,20140114,23104
20140115,2.61,20140115,22512
20140116,2.62,20140116,22464
20140117,2.57,20140117,22896
20140121,2.63,20140121,22352
20140122,2.65,20140122,22160
20140123,2.62,20140123,22432
20140124,2.46,20140124,23760
20140127,2.39,20140127,24404
20140128,2.39,20140128,24436
20140129,2.32,20140129,25256
20140130,2.44,20140130,23908
20140131,2.42,20140131,24040
20140203,2.26,20140203,25696
20140204,2.31,20140204,25056
20140205,2.28,20140205,25324
20140206,2.37,20140206,24336
20140207,2.5,20140207,23036
20140210,2.54,20140210,22636
20140211,2.63,20140211,21868
20140212,2.64,20140212,21744
20140213,2.71,20140213,21248
20140214,2.72,20140214,21128
20140218,2.76,20140218,20828
20140219,2.7,20140219,21232
20140220,2.74,20140220,20936
20140221,2.73,20140221,21056
20140224,2.77,20140224,20649.92
20140225,2.76,20140225,20754
20140226,2.75,20140226,20808
20140227,2.81,20140227,20404
20140228,2.79,20140228,20464
20140303,2.73,20140303,20908
20140304,2.84,20140304,20124
20140305,2.87,20140305,19940
20140306,2.86,20140306,20004
20140307,2.81,20140307,20296
20140310,2.82,20140310,20244
20140311,2.79,20140311,20500
20140312,2.82,20140312,20264
20140313,2.7,20140313,21136
20140314,2.64,20140314,21568
20140317,2.71,20140317,20984
20140318,2.81,20140318,20216
20140319,2.76,20140319,20552
20140320,2.79,20140320,20380
20140321,2.68,20140321,21124
20140324,2.62,20140324,21652
20140325,2.64,20140325,21456
20140326,2.54,20140326,22288
20140327,2.49,20140327,22668
20140328,2.51,20140328,22512
20140331,2.56,20140331,22044
20140401,2.7,20140401,20876
20140402,2.72,20140402,20712
20140403,2.66,20140403,21204
20140404,2.45,20140404,22936
20140407,2.37,20140407,23532
20140408,2.44,20140408,22904
20140409,2.56,20140409,21724
20140410,2.33,20140410,23724
20140411,2.25,20140411,24580
20140414,2.3,20140414,23984
20140415,2.32,20140415,23764
20140416,2.41,20140416,22828
20140417,2.41,20140417,22784
20140421,2.46,20140421,22292
20140422,2.53,20140422,21740
20140423,2.46,20140423,22320
20140424,2.53,20140424,21680
20140425,2.41,20140425,22712
20140428,2.43,20140428,22476
20140429,2.49,20140429,21960
20140430,2.51,20140430,21768
20140501,2.53,20140501,21576
20140502,2.52,20140502,21696
20140505,2.55,20140505,21372
20140506,2.46,20140506,22180
20140507,2.43,20140507,22388
20140508,2.42,20140508,22460
20140509,2.45,20140509,22191.2
20140512,2.57,20140512,21108
20140513,2.58,20140513,21060
20140514,2.54,20140514,21384
20140515,2.48,20140515,21872
20140516,2.53,20140516,21460
20140519,2.58,20140519,21000
20140520,2.55,20140520,21232
20140521,2.63,20140521,20636
20140522,2.66,20140522,20360
20140523,2.72,20140523,19900
20140527,2.82,20140527,19132
20140528,2.79,20140528,19328
20140529,2.85,20140529,18968
20140530,2.85,20140530,18956
20140602,2.84,20140602,19004
20140603,2.84,20140603,19028
20140604,2.87,20140604,18816
20140605,2.94,20140605,18344
20140606,2.99,20140606,18028
20140609,2.98,20140609,18076
20140610,3,20140610,17987.6
20140611,3,20140611,17992
20140612,2.92,20140612,18460
20140613,2.94,20140613,18312
20140616,2.95,20140616,18260
20140617,2.95,20140617,18224
20140618,3.01,20140618,17904
20140619,2.99,20140619,17948
20140620,3,20140620,17900
20140623,3.01,20140623,17872
20140624,3,20140624,17956
20140625,3.05,20140625,17580
20140626,3.06,20140626,17560
20140627,3.09,20140627,17320
20140630,3.12,20140630,17244
20140701,3.22,20140701,16656
20140702,3.23,20140702,16588
20140703,3.3,20140703,16280
20140707,3.26,20140707,16424
20140708,3.15,20140708,16996
20140709,3.22,20140709,16628
20140710,3.19,20140710,16784
20140711,3.25,20140711,16472
20140714,3.31,20140714,16152
20140715,3.27,20140715,16328
20140716,3.31,20140716,16132
20140717,3.18,20140717,16780.4
20140718,3.33,20140718,15984
20140721,3.32,20140721,16040
20140722,3.38,20140722,15712
20140723,3.45,20140723,15424
20140724,3.43,20140724,15468
20140725,3.39,20140725,15660
20140728,3.4,20140728,15636
20140729,3.38,20140729,15716
20140730,3.42,20140730,15528
20140731,3.21,20140731,16472
20140801,3.17,20140801,16656
20140804,3.24,20140804,16312
20140805,3.16,20140805,16680
20140806,3.16,20140806,16712
20140807,3.13,20140807,16884
20140808,3.19,20140808,16516
20140811,3.25,20140811,16208
20140812,3.24,20140812,16240
20140813,3.35,20140813,15720
20140814,3.4,20140814,15476
20140815,3.45,20140815,15256
20140818,3.53,20140818,14900
20140819,3.59,20140819,14632
20140820,3.59,20140820,14636
20140821,3.61,20140821,14568
20140822,3.63,20140822,14494
20140825,3.67,20140825,14340
20140826,3.68,20140826,14280
20140827,3.68,20140827,14280.4
20140828,3.66,20140828,14336
20140829,3.71,20140829,14164
20140902,3.74,20140902,14044
20140903,3.67,20140903,14284
20140904,3.66,20140904,14328
20140905,3.72,20140905,14104
20140908,3.74,20140908,14024
20140909,3.65,20140909,14372
20140910,3.73,20140910,14020
20140911,3.73,20140911,14048
20140912,3.67,20140912,14264
20140915,3.56,20140915,14684
20140916,3.66,20140916,14304
20140917,3.67,20140917,14232
20140918,3.75,20140918,13916
20140919,3.74,20140919,13944
20140922,3.64,20140922,14320
20140923,3.61,20140923,14436
20140924,3.73,20140924,13996
20140925,3.49,20140925,14852
20140926,3.6,20140926,14368
20140929,3.59,20140929,14424
20140930,3.6,20140930,14364
20141001,3.43,20141001,15060
20141002,3.43,20141002,15072
20141003,3.53,20141003,14620
20141006,3.51,20141006,14700
20141007,3.36,20141007,15328
20141008,3.56,20141008,14440
20141009,3.38,20141009,15132
20141010,3.13,20141010,16264
20141013,2.98,20141013,17008
20141014,2.98,20141014,17024
20141015,2.92,20141015,17352
20141016,2.88,20141016,17676
20141017,2.99,20141017,16988
20141020,3.12,20141020,16224
20141021,3.36,20141021,14940
20141022,3.31,20141022,15180
20141023,3.46,20141023,14464
20141024,3.54,20141024,14132
20141027,3.55,20141027,14088
20141028,3.71,20141028,13464
20141029,3.67,20141029,13608
20141030,3.69,20141030,13508
20141031,3.84,20141031,12960
20141103,3.88,20141103,12836
20141104,3.84,20141104,12968
20141105,3.84,20141105,12956
20141106,3.87,20141106,12844
20141107,3.86,20141107,12880
20141110,3.9,20141110,12740
20141111,3.94,20141111,12616
20141112,3.96,20141112,12552
20141113,4.01,20141113,12396
20141114,4.05,20141114,12276
20141117,4.01,20141117,12392
20141118,4.1,20141118,12108
20141119,4.05,20141119,12264
20141120,4.1,20141120,12104
20141121,4.13,20141121,12028
20141124,4.23,20141124,11736
20141125,4.24,20141125,11692
20141126,4.33,20141126,11460
20141128,4.39,20141128,11296
20141201,4.23,20141201,11688
20141202,4.27,20141202,11544
20141203,4.31,20141203,11480
20141204,4.3,20141204,11508
20141205,4.3,20141205,11496
20141208,4.21,20141208,11756
20141209,4.25,20141209,11620
20141210,4.05,20141210,12184
20141211,4.11,20141211,12008
20141212,3.97,20141212,12396
20141215,3.85,20141215,12780
20141216,3.66,20141216,13400
20141217,3.86,20141217,12704
20141218,4.14,20141218,11748
20141219,4.19,20141219,11600
20141222,4.23,20141222,11512
20141223,4.19,20141223,11624
20141224,4.19,20141224,11596
20141226,4.28,20141226,11352
20141229,4.28,20141229,11360
20141230,4.19,20141230,11576
20141231,4.06,20141231,11936
20150102,4.03,20150102,12012
20150105,3.85,20150105,12604
20150106,3.69,20150106,13068
20150107,3.84,20150107,12584
20150108,4.05,20150108,11848
20150109,3.97,20150109,12080
20150112,3.85,20150112,12460
20150113,3.85,20150113,12468
20150114,3.79,20150114,12680
20150115,3.64,20150115,13176
20150116,3.77,20150116,12712
20150120,3.85,20150120,12404
20150121,3.91,20150121,12208
20150122,4.13,20150122,11540
20150123,4.15,20150123,11472
20150126,4.14,20150126,11496
20150127,3.82,20150127,12384
20150128,3.76,20150128,12580
20150129,3.87,20150129,12224
20150130,3.78,20150130,12512
20150202,3.88,20150202,12188
20150203,3.98,20150203,11820
20150204,3.97,20150204,11860
20150205,4.08,20150205,11564
20150206,4,20150206,11764
20150209,3.96,20150209,11880
20150210,4.15,20150210,11312
20150211,4.2,20150211,11192
20150212,4.34,20150212,10804
20150213,4.45,20150213,10520
20150217,4.46,20150217,10492
20150218,4.48,20150218,10456
20150219,4.55,20150219,10296
20150220,4.64,20150220,10092
20150223,4.66,20150223,10052
20150224,4.67,20150224,10028
20150225,4.63,20150225,10108
20150226,4.7,20150226,9952
20150227,4.64,20150227,10080
20150302,4.76,20150302,9808
20150303,4.69,20150303,9944
20150304,4.64,20150304,10052
20150305,4.66,20150305,10012
20150306,4.5,20150306,10364
20150309,4.55,20150309,10268
20150310,4.29,20150310,10828
20150311,4.22,20150311,11024
20150312,4.3,20150312,10796
20150313,4.24,20150313,10936
20150316,4.41,20150316,10520
20150317,4.43,20150317,10464
20150318,4.56,20150318,10140
20150319,4.58,20150319,10104
20150320,4.68,20150320,9884
20150323,4.64,20150323,9968
20150324,4.59,20150324,10072
20150325,4.27,20150325,10772
20150326,4.23,20150326,10884
20150327,4.27,20150327,10748
20150330,4.43,20150330,10368
20150331,4.29,20150331,10704
20150401,4.22,20150401,10868
20150402,4.23,20150402,10844
20150406,4.33,20150406,10592
20150407,4.31,20150407,10640
20150408,4.41,20150408,10388
20150409,4.49,20150409,10192
20150410,4.55,20150410,10064
20150413,4.51,20150413,10144
20150414,4.47,20150414,10232
20150415,4.55,20150415,10040
20150416,4.54,20150416,10076
20150417,4.32,20150417,10536
20150420,4.52,20150420,10072
20150421,4.58,20150421,9940
20150422,4.65,20150422,9788
20150423,4.71,20150423,9672
20150424,4.89,20150424,9284
20150427,4.86,20150427,9344
20150428,4.83,20150428,9404
20150429,4.74,20150429,9576
20150430,4.51,20150430,10032
20150501,4.7,20150501,9628
20150504,4.71,20150504,9588
20150505,4.49,20150505,10044
20150506,4.39,20150506,10256
20150507,4.47,20150507,10068
20150508,4.63,20150508,9704
20150511,4.58,20150511,9812
20150512,4.52,20150512,9952
20150513,4.55,20150513,9884
20150514,4.75,20150514,9452
20150515,4.75,20150515,9436
20150518,4.8,20150518,9332
20150519,4.79,20150519,9360
20150520,4.8,20150520,9336
20150521,4.87,20150521,9180
20150522,4.86,20150522,9216
20150526,4.69,20150526,9540
20150527,4.92,20150527,9068
20150528,4.88,20150528,9128
20150529,4.8,20150529,9292
20150601,4.84,20150601,9208
20150602,4.8,20150602,9296
20150603,4.84,20150603,9216
20150604,4.73,20150604,9412
20150605,4.7,20150605,9476
20150608,4.55,20150608,9772
20150609,4.53,20150609,9816
20150610,4.71,20150610,9424
20150611,4.74,20150611,9372
20150612,4.62,20150612,9600
20150615,4.55,20150615,9736
20150616,4.62,20150616,9600
20150617,4.66,20150617,9508
20150618,4.86,20150618,9120
20150619,4.78,20150619,9248
20150622,4.9,20150622,9036
20150623,4.91,20150623,9000
20150624,4.84,20150624,9140
20150625,4.8,20150625,9200
20150626,4.72,20150626,9368
20150629,4.38,20150629,10028
20150630,4.43,20150630,9916
20150701,4.52,20150701,9708
20150702,4.54,20150702,9680
20150706,4.5,20150706,9748
20150707,4.52,20150707,9680
20150708,4.3,20150708,10200
20150709,4.29,20150709,10220
20150710,4.48,20150710,9748
20150713,4.71,20150713,9232
20150714,4.81,20150714,9048
20150715,4.83,20150715,9020
20150716,5.02,20150716,8644
20150717,5.25,20150717,8264
20150720,5.31,20150720,8168
20150721,5.29,20150721,8192
20150722,5.12,20150722,8448
20150723,5.06,20150723,8552
20150724,4.92,20150724,8804
20150727,4.79,20150727,9016
20150728,4.92,20150728,8780
20150729,4.97,20150729,8672
20150730,5.04,20150730,8564
20150731,5.02,20150731,8592
20150803,4.98,20150803,8660
20150804,4.95,20150804,8728
20150805,5.06,20150805,8524
20150806,4.82,20150806,8920
20150807,4.8,20150807,8972
20150810,4.96,20150810,8652
20150811,4.77,20150811,8980
20150812,4.81,20150812,8896
20150813,4.79,20150813,8944
20150814,4.82,20150814,8892
20150817,4.94,20150817,8680
20150818,4.86,20150818,8800
20150819,4.77,20150819,8968
20150820,4.37,20150820,9732
20150821,3.83,20150821,10968
20150824,3.38,20150824,12284
20150825,3.33,20150825,12440
20150826,3.81,20150826,10552
20150827,4.11,20150827,9744
20150828,4.11,20150828,9760
20150831,3.95,20150831,10120
20150901,3.6,20150901,11060
20150902,3.89,20150902,10148
20150903,3.82,20150903,10292
20150904,3.7,20150904,10632
20150908,4.01,20150908,9736
20150909,3.87,20150909,10076
20150910,3.99,20150910,9756
20150911,4.06,20150911,9576
20150914,4.02,20150914,9672
20150915,4.16,20150915,9316
20150916,4.23,20150916,9176
20150917,4.24,20150917,9144
20150918,4.06,20150918,9528
20150921,4.1,20150921,9456
20150922,3.92,20150922,9868
20150923,3.92,20150923,9876
20150924,3.88,20150924,9944
20150925,3.79,20150925,10216
20150928,3.46,20150928,11108
20150929,3.41,20150929,11240
20150930,3.63,20150930,10508
20151001,3.68,20151001,10360
20151002,3.88,20151002,9792
20151005,4.05,20151005,9372
20151006,3.99,20151006,9488
20151007,4.06,20151007,9344
20151008,4.11,20151008,9228
20151009,4.16,20151009,9096
20151012,4.19,20151012,9040
20151013,4.11,20151013,9216
20151014,4.09,20151014,9248
20151015,4.29,20151015,8796
20151016,4.35,20151016,8668
20151019,4.42,20151019,8528
20151020,4.35,20151020,8664
20151021,4.28,20151021,8808
20151022,4.53,20151022,8284
20151023,4.91,20151023,7592
20151026,4.93,20151026,7572
20151027,4.96,20151027,7512
20151028,5.07,20151028,7344
20151029,5.05,20151029,7380
20151030,4.99,20151030,7460
20151102,5.16,20151102,7220
20151103,5.2,20151103,7140
20151104,5.21,20151104,7132
20151105,5.16,20151105,7200
20151106,5.18,20151106,7180
20151109,5.01,20151109,7404
20151110,4.98,20151110,7472
20151111,4.95,20151111,7492
20151112,4.81,20151112,7720
20151113,4.53,20151113,8164
20151116,4.72,20151116,7824
20151117,4.73,20151117,7808
20151118,5,20151118,7340
20151119,5.01,20151119,7344
20151120,5.11,20151120,7188
20151123,5.07,20151123,7248
20151124,5.05,20151124,7260
20151125,5.06,20151125,7252
20151127,5.08,20151127,7204
20151130,5.05,20151130,7268
20151201,5.2,20151201,7052
20151202,5.11,20151202,7180
20151203,4.85,20151203,7548
20151204,5.18,20151204,7020
20151207,5.12,20151207,7112
20151208,5.12,20151208,7100
20151209,4.88,20151209,7428
20151210,4.95,20151210,7328
20151211,4.61,20151211,7828
20151214,4.71,20151214,7660
20151215,4.79,20151215,7524
20151216,5,20151216,7192
20151217,4.79,20151217,7420
20151218,4.53,20151218,7920
20151221,4.67,20151221,7664
20151222,4.75,20151222,7528
20151223,4.86,20151223,7356
20151224,4.85,20151224,7348
20151228,4.85,20151228,7364
20151229,5.07,20151229,7032
20151230,4.94,20151230,7216
20151231,4.76,20151231,7460
20160104,4.47,20160104,7928
20160105,4.43,20160105,8008
20160106,4.31,20160106,8232
20160107,3.9,20160107,9000
20160108,3.81,20160108,9208
20160111,3.84,20160111,9144
20160112,3.97,20160112,8796
20160113,3.56,20160113,9728
20160114,3.79,20160114,9100
20160115,3.44,20160115,9948
20160119,3.45,20160119,9904
20160120,3.42,20160120,9984
20160121,3.43,20160121,9944
20160122,3.73,20160122,9088
20160125,3.56,20160125,9492
20160126,3.66,20160126,9240
20160127,3.39,20160127,9932
20160128,3.52,20160128,9524
20160129,3.75,20160129,8912
20160201,3.78,20160201,8852
20160202,3.54,20160202,9400
20160203,3.49,20160203,9548
20160204,3.48,20160204,9552
20160205,3.12,20160205,10544
20160208,2.98,20160208,11032
20160209,2.94,20160209,11144
20160210,2.98,20160210,11008
20160211,2.97,20160211,11028
20160212,3.1,20160212,10556
20160216,3.31,20160216,9872
20160217,3.53,20160217,9180
20160218,3.41,20160218,9484
20160219,3.45,20160219,9392
20160222,3.61,20160222,8944
20160223,3.43,20160223,9376
20160224,3.53,20160224,9112
20160225,3.63,20160225,8856
20160226,3.62,20160226,8884
20160229,3.53,20160229,9128
20160301,3.86,20160301,8244
20160302,3.87,20160302,8236
20160303,3.85,20160303,8284
20160304,3.85,20160304,8276
20160307,3.78,20160307,8424
20160308,3.68,20160308,8632
20160309,3.75,20160309,8472
20160310,3.74,20160310,8500
20160311,3.93,20160311,8064
20160314,3.96,20160314,8020
20160315,3.95,20160315,8024
20160316,4.05,20160316,7808
20160317,4.04,20160317,7832
20160318,4.07,20160318,7780
20160321,4.11,20160321,7700
20160322,4.15,20160322,7632
20160323,4.05,20160323,7816
20160324,4.05,20160324,7804
20160328,4.04,20160328,7844
20160329,4.23,20160329,7468
20160330,4.29,20160330,7356
20160331,4.27,20160331,7396
20160401,4.41,20160401,7148
20160404,4.35,20160404,7240
20160405,4.24,20160405,7436
20160406,4.44,20160406,7076
20160407,4.25,20160407,7388
20160408,4.24,20160408,7404
20160411,4.19,20160411,7480
20160412,4.29,20160412,7288
20160413,4.46,20160413,7012
20160414,4.46,20160414,7012
20160415,4.43,20160415,7064
20160418,4.49,20160418,6952
20160419,4.42,20160419,7082
20160420,4.43,20160420,7060
20160421,4.43,20160421,7060
20160422,4.23,20160422,7376
20160425,4.22,20160425,7380
20160426,4.17,20160426,7460
20160427,4.07,20160427,7660
20160428,3.92,20160428,7932
20160429,3.86,20160429,8060
20160502,3.96,20160502,7840
20160503,3.86,20160503,8056
20160504,3.78,20160504,8208
20160505,3.78,20160505,8220
20160506,3.83,20160506,8088
20160509,3.87,20160509,8028
20160510,4.03,20160510,7688
20160511,3.92,20160511,7896
20160512,3.86,20160512,8004
20160513,3.82,20160513,8088
20160516,3.96,20160516,7792
20160517,3.81,20160517,8084
20160518,3.85,20160518,7992
20160519,3.79,20160519,8120
20160520,3.92,20160520,7852
20160523,3.9,20160523,7892
20160524,4.14,20160524,7408
20160525,4.23,20160525,7248
20160526,4.26,20160526,7184
20160527,4.33,20160527,7068
20160531,4.35,20160531,7028
20160601,4.36,20160601,7032
20160602,4.38,20160602,6988
20160603,4.32,20160603,7080
20160606,4.37,20160606,7004
20160607,4.34,20160607,7052
20160608,4.36,20160608,7032
20160609,4.34,20160609,7052
20160610,4.19,20160610,7284
20160613,4.08,20160613,7476
20160614,4.08,20160614,7472
20160615,4.05,20160615,7536
20160616,4.08,20160616,7480
20160617,3.94,20160617,7728
20160620,4.01,20160620,7596
20160621,4.05,20160621,7528
20160622,4.02,20160622,7564
20160623,4.19,20160623,7256
20160624,3.68,20160624,8140
20160627,3.46,20160627,8616
20160628,3.68,20160628,8068
20160629,3.87,20160629,7644
20160630,4.01,20160630,7384
20160701,4.07,20160701,7268
20160705,4,20160705,7400
20160706,4.09,20160706,7220
20160707,4.13,20160707,7152
20160708,4.32,20160708,6820
20160711,4.39,20160711,6704
20160712,4.46,20160712,6600
20160713,4.43,20160713,6648
20160714,4.52,20160714,6512
20160715,4.5,20160715,6552
20160718,4.59,20160718,6416
20160719,4.54,20160719,6484
20160720,4.69,20160720,6260
20160721,4.67,20160721,6296
20160722,4.72,20160722,6224
20160725,4.72,20160725,6216
20160726,4.74,20160726,6200
20160727,4.83,20160727,6072
20160728,4.89,20160728,6008
20160729,4.92,20160729,5968
20160801,4.99,20160801,5876
20160802,4.88,20160802,6008
20160803,4.93,20160803,5944
20160804,4.97,20160804,5900
20160805,5.12,20160805,5724
20160808,5.1,20160808,5744
20160809,5.13,20160809,5700
20160810,5.09,20160810,5744
20160811,5.16,20160811,5676
20160812,5.17,20160812,5660
20160815,5.23,20160815,5592
20160816,5.15,20160816,5676
20160817,5.18,20160817,5652
20160818,5.18,20160818,5648
20160819,5.17,20160819,5652
20160822,5.18,20160822,5644
20160823,5.21,20160823,5608
20160824,5.11,20160824,5724
20160825,5.09,20160825,5744
20160826,5.11,20160826,5720
20160829,5.12,20160829,5696
20160830,5.08,20160830,5748
20160831,5.06,20160831,5768
20160901,5.09,20160901,5728
20160902,5.15,20160902,5672
20160906,5.24,20160906,5564
20160907,5.25,20160907,5556
20160908,5.16,20160908,5652
20160909,4.77,20160909,6076
20160912,5.01,20160912,5752
20160913,4.9,20160913,5904
20160914,4.96,20160914,5816
20160915,5.19,20160915,5552
20160916,5.18,20160916,5564
20160919,5.12,20160919,5624
20160920,5.14,20160920,5596
20160921,5.29,20160921,5432
20160922,5.42,20160922,5304
20160923,5.32,20160923,5404
20160926,5.19,20160926,5540
20160927,5.33,20160927,5376
20160928,5.36,20160928,5344
20160929,5.25,20160929,5460
20160930,5.36,20160930,5348
20161003,5.35,20161003,5360
20161004,5.32,20161004,5388
20161005,5.37,20161005,5328
20161006,5.36,20161006,5340
20161007,5.33,20161007,5372
20161010,5.42,20161010,5268
20161011,5.2,20161011,5492
20161012,5.19,20161012,5508
20161013,5.13,20161013,5564
20161014,5.14,20161014,5556
20161017,5.1,20161017,5600
20161018,5.23,20161018,5444
20161019,5.24,20161019,5456
20161020,5.21,20161020,5468
20161021,5.27,20161021,5412
20161024,5.46,20161024,5216
20161025,5.41,20161025,5268
20161026,5.3,20161026,5364
20161027,5.23,20161027,5440
20161028,5.14,20161028,5540
20161031,5.11,20161031,5564
20161101,5.01,20161101,5684
20161102,4.88,20161102,5820
20161103,4.74,20161103,5992
20161104,4.68,20161104,6060
20161107,5.02,20161107,5620
20161108,5.12,20161108,5520
20161109,5.19,20161109,5436
20161110,4.94,20161110,5704
20161111,4.94,20161111,5688
20161114,4.77,20161114,5864
20161115,4.99,20161115,5624
20161116,5.07,20161116,5520
20161117,5.19,20161117,5404
20161118,5.13,20161118,5464
20161121,5.28,20161121,5296
20161122,5.33,20161122,5244
20161123,5.27,20161123,5304
20161125,5.32,20161125,5260
20161128,5.29,20161128,5292
20161129,5.34,20161129,5236
20161130,5.17,20161130,5432
20161201,4.88,20161201,5700
20161202,4.9,20161202,5676
20161205,5.02,20161205,5536
20161206,5.05,20161206,5508
20161207,5.24,20161207,5292
20161208,5.27,20161208,5268
20161209,5.4,20161209,5152
20161212,5.32,20161212,5212
20161213,5.53,20161213,5012
20161214,5.49,20161214,5044
20161215,5.52,20161215,5012
20161216,5.45,20161216,5076
20161219,5.52,20161219,5016
20161220,5.59,20161220,4956
20161221,5.57,20161221,4972
20161222,5.52,20161222,5020
20161223,5.54,20161223,5000
20161227,5.62,20161227,4932
20161228,5.49,20161228,5044
20161229,5.46,20161229,5068
20161230,5.3,20161230,5212
20170103,5.43,20170103,5084
20170104,5.52,20170104,4996
20170105,5.62,20170105,4920
20170106,5.76,20170106,4784
20170109,5.82,20170109,4740
20170110,5.85,20170110,4708
20170111,5.9,20170111,4676
20170112,5.87,20170112,4691
20170113,5.94,20170113,4641
20170117,5.88,20170117,4685
20170118,5.92,20170118,4658
20170119,5.91,20170119,4662
20170120,5.94,20170120,4631
20170123,5.96,20170123,4625
20170124,6.08,20170124,4529
20170125,6.26,20170125,4391
20170126,6.28,20170126,4378
20170127,6.31,20170127,4353
20170130,6.17,20170130,4454
20170131,6.14,20170131,4481
20170201,6.25,20170201,4389
20170202,6.24,20170202,4403
20170203,6.29,20170203,4366
20170206,6.32,20170206,4350
20170207,6.38,20170207,4302
20170208,6.42,20170208,4282
20170209,6.48,20170209,4234
20170210,6.55,20170210,4193
20170213,6.66,20170213,4121
20170214,6.72,20170214,4079
20170215,6.84,20170215,4009
20170216,6.83,20170216,4012
20170217,6.92,20170217,3962
20170221,7.03,20170221,3902
20170222,7.03,20170222,3897
20170223,6.96,20170223,3942
20170224,6.99,20170224,3920
20170227,7.01,20170227,3905
20170228,6.96,20170228,3938
20170301,7.18,20170301,3811
20170302,7.07,20170302,3869
20170303,7.11,20170303,3848
20170306,7.06,20170306,3872
20170307,7.02,20170307,3894
20170308,7.06,20170308,3873
20170309,7.08,20170309,3864
20170310,7.16,20170310,3817
20170313,7.2,20170313,3795
20170314,7.15,20170314,3826
20170315,7.27,20170315,3756
20170316,7.27,20170316,3761
20170317,7.25,20170317,3772
20170320,7.27,20170320,3757
20170321,6.95,20170321,3926
20170322,7.08,20170322,3850
20170323,7.03,20170323,3878
20170324,7.07,20170324,3854
20170327,7.1,20170327,3836
20170328,7.24,20170328,3764
20170329,7.33,20170329,3715
20170330,7.37,20170330,3696
20170331,7.35,20170331,3705
20170403,7.34,20170403,3711
20170404,7.37,20170404,3694
20170405,7.28,20170405,3739
20170406,7.29,20170406,3733
20170407,7.28,20170407,3739
20170410,7.29,20170410,3735
20170411,7.2,20170411,3781
20170412,7.1,20170412,3830
20170413,7.02,20170413,3876
20170417,7.19,20170417,3781
20170418,7.17,20170418,3796
20170419,7.19,20170419,3780
20170420,7.36,20170420,3690
20170421,7.36,20170421,3689
20170424,7.63,20170424,3557
20170425,7.8,20170425,3480
20170426,7.76,20170426,3493
20170427,7.9,20170427,3433
20170428,7.94,20170428,3414
20170501,8.14,20170501,3327
20170502,8.19,20170502,3308
20170503,8.11,20170503,3340
20170504,8.12,20170504,3335
20170505,8.21,20170505,3300
20170508,8.26,20170508,3278
20170509,8.35,20170509,3244
20170510,8.36,20170510,3239
20170511,8.34,20170511,3247
20170512,8.4,20170512,3224
20170515,8.47,20170515,3195
20170516,8.58,20170516,3156
20170517,7.93,20170517,3395
20170518,8.13,20170518,3307
20170519,8.23,20170519,3266
20170522,8.44,20170522,3183
20170523,8.47,20170523,3175
20170524,8.58,20170524,3131
20170525,8.81,20170525,3052
20170526,8.85,20170526,3036
20170530,8.86,20170530,3029
20170531,8.85,20170531,3034
20170601,8.96,20170601,2995
20170602,9.26,20170602,2894
20170605,9.26,20170605,2896
20170606,9.15,20170606,2931
20170607,9.25,20170607,2897
20170608,9.28,20170608,2887
20170609,8.61,20170609,3100
20170612,8.45,20170612,3153
20170613,8.65,20170613,3079
20170614,8.53,20170614,3118
20170615,8.42,20170615,3161
20170616,8.32,20170616,3199
20170619,8.72,20170619,3045
20170620,8.52,20170620,3114
20170621,8.77,20170621,3025
20170622,8.76,20170622,3026
20170623,8.86,20170623,2993
20170626,8.74,20170626,3033
20170627,8.26,20170627,3196
20170628,8.61,20170628,3064
20170629,8.17,20170629,3220
20170630,8.14,20170630,3228
20170703,7.92,20170703,3318
20170705,8.14,20170705,3226
20170706,7.93,20170706,3309
20170707,8.16,20170707,3209
20170710,8.34,20170710,3143
20170711,8.4,20170711,3118
20170712,8.7,20170712,3006
20170713,8.76,20170713,2987
20170714,8.97,20170714,2917
20170717,8.97,20170717,2913
20170718,9.15,20170718,2856
20170719,9.32,20170719,2804
20170720,9.35,20170720,2792
20170721,9.34,20170721,2795
20170724,9.46,20170724,2760
20170725,9.4,20170725,2779
20170726,9.48,20170726,2754
20170727,9.31,20170727,2802
20170728,9.28,20170728,2813
20170731,9.16,20170731,2851
20170801,9.22,20170801,2831
20170802,9.29,20170802,2809
20170803,9.19,20170803,2840
20170804,9.23,20170804,2827
20170807,9.39,20170807,2775
20170808,9.36,20170808,2789
20170809,9.32,20170809,2797
20170810,8.71,20170810,2979
20170811,8.91,20170811,2912
20170814,9.26,20170814,2800
20170815,9.28,20170815,2793
20170816,9.32,20170816,2780
20170817,8.75,20170817,2950
20170818,8.72,20170818,2959
20170821,8.71,20170821,2968
20170822,9.09,20170822,2835
20170823,8.99,20170823,2865
20170824,8.92,20170824,2891
20170825,8.86,20170825,2909
20170828,8.93,20170828,2885
20170829,9.04,20170829,2847
20170830,9.36,20170830,2750
20170831,9.62,20170831,2671
20170901,9.62,20170901,2671
20170905,9.36,20170905,2743
20170906,9.44,20170906,2721
20170907,9.5,20170907,2702
20170908,9.26,20170908,2769
20170911,9.56,20170911,2681
20170912,9.64,20170912,2657
20170913,9.68,20170913,2648
20170914,9.52,20170914,2693
20170915,9.59,20170915,2668
20170918,9.57,20170918,2677
20170919,9.61,20170919,2663
20170920,9.53,20170920,2687
20170921,9.35,20170921,2738
20170922,9.32,20170922,2746
20170925,9.03,20170925,2831
20170926,9.09,20170926,2812
20170927,9.34,20170927,2735
20170928,9.32,20170928,2741
20170929,9.52,20170929,2681
20171002,9.55,20171002,2673
20171003,9.61,20171003,2657
20171004,9.63,20171004,2649
20171005,9.91,20171005,2573
20171006,9.95,20171006,2563
20171009,9.92,20171009,2570
20171010,9.94,20171010,2565
20171011,10.03,20171011,2542
20171012,9.97,20171012,2558
20171013,10.09,20171013,2529
20171016,10.19,20171016,2503
20171017,10.23,20171017,2495
20171018,10.19,20171018,2502
20171019,10.07,20171019,2531
20171020,10.15,20171020,2511
20171023,9.96,20171023,2560
20171024,10.01,20171024,2546
20171025,9.89,20171025,2577
20171026,9.8,20171026,2600
20171027,10.64,20171027,2375
20171030,10.72,20171030,2358
20171031,10.83,20171031,2333
20171101,10.82,20171101,2336
20171102,10.76,20171102,2349
20171103,11.06,20171103,2282
20171106,11.17,20171106,2259
20171107,11.19,20171107,2256
20171108,11.33,20171108,2227
20171109,11.15,20171109,2264
20171110,11.15,20171110,2263
20171113,11.18,20171113,2255
20171114,11.07,20171114,2279
20171115,10.9,20171115,2314
20171116,11.31,20171116,2224
20171117,11.19,20171117,2251
20171120,11.16,20171120,2256
20171121,11.51,20171121,2183
20171122,11.56,20171122,2175
20171124,11.69,20171124,2151
20171127,11.67,20171127,2154
20171128,11.75,20171128,2138
20171129,11.15,20171129,2249
20171130,11.43,20171130,2195
20171201,11.27,20171201,2222
20171204,10.88,20171204,2300
20171205,10.9,20171205,2295
20171206,11.04,20171206,2266
20171207,11.15,20171207,2242
20171208,11.3,20171208,2214
20171211,11.56,20171211,2161
20171212,11.52,20171212,2171
20171213,11.57,20171213,2159
20171214,11.56,20171214,2164
20171215,11.93,20171215,2092
20171218,12.24,20171218,2038
20171219,12.04,20171219,2072
20171220,11.99,20171220,2081
20171221,11.98,20171221,2082
20171222,11.94,20171222,2089
20171226,11.75,20171226,2119
20171227,11.75,20171227,2119
20171228,11.78,20171228,2114
20171229,11.56,20171229,2151
20180102,12.15,20180102,2041
20180103,12.51,20180103,1981
20180104,12.58,20180104,1971
20180105,12.96,20180105,1912
20180108,13.11,20180108,1890
20180109,13.12,20180109,1889
20180110,13.02,20180110,1903
20180111,13.28,20180111,1864
20180112,13.57,20180112,1825
20180116,13.46,20180116,1839
20180117,13.89,20180117,1781
20180118,13.9,20180118,1779
20180119,14.03,20180119,1763
20180122,14.47,20180122,1707
20180123,14.84,20180123,1665
20180124,14.54,20180124,1697
20180125,14.52,20180125,1700
20180126,15.17,20180126,1625
20180129,14.97,20180129,1647
20180130,14.58,20180130,1685
20180131,14.76,20180131,1668
20180201,14.39,20180201,1709
20180202,13.51,20180202,1810
20180205,11.95,20180205,2020
20180206,12.88,20180206,1864
20180207,12.37,20180207,1934
20180208,10.83,20180208,2177
20180209,11.34,20180209,2073
20180212,11.98,20180212,1958
20180213,12.13,20180213,1932.5
20180214,12.84,20180214,1819
20180215,13.51,20180215,1727
20180216,13.36,20180216,1742
20180220,13.42,20180220,1738
20180221,13.3,20180221,1752
20180222,13.3,20180222,1749
20180223,14.1,20180223,1646
20180226,14.66,20180226,1582
20180227,14.14,20180227,1640
20180228,13.85,20180228,1671
20180301,13.19,20180301,1751
20180302,13.55,20180302,1705
20180305,13.97,20180305,1651
20180306,14.15,20180306,1629
20180307,14.26,20180307,1617
20180308,14.47,20180308,1592
20180309,15.31,20180309,1502
20180312,15.54,20180312,1480
20180313,14.98,20180313,1534
20180314,14.93,20180314,1537
20180315,14.86,20180315,1543
20180316,14.76,20180316,1554
20180319,13.83,20180319,1652
20180320,13.94,20180320,1640
20180321,13.73,20180321,1658
20180322,12.73,20180322,1780
20180323,11.7,20180323,1921
20180326,13.02,20180326,1707
20180327,11.77,20180327,1873
20180328,11.36,20180328,1936
20180329,11.99,20180329,1833
20180402,10.93,20180402,1986
20180403,11.3,20180403,1924
20180404,11.83,20180404,1833
20180405,12.02,20180405,1805
20180406,11.12,20180406,1939
20180409,11.34,20180409,1901
20180410,12.09,20180410,1779
20180411,11.89,20180411,1803
20180412,12.3,20180412,1743
20180413,12.12,20180413,1766
20180416,12.39,20180416,1728
20180417,13.18,20180417,1618
20180418,13.27,20180418,1609
20180419,12.91,20180419,1649
20180420,12.29,20180420,1727
20180423,12.2,20180423,1744
20180424,11.42,20180424,1853
20180425,11.46,20180425,1846
20180426,12.17,20180426,1734
20180427,12.2,20180427,1729
20180430,11.94,20180430,1766
20180501,12.33,20180501,1709
20180502,12.12,20180502,1737
20180503,12.12,20180503,1739
20180504,12.8,20180504,1641
20180507,13.1,20180507,1601
20180508,13.06,20180508,1607
20180509,13.5,20180509,1552
20180510,13.92,20180510,1506
20180511,13.88,20180511,1510
20180514,13.94,20180514,1502
20180515,13.49,20180515,1552
20180516,13.73,20180516,1522
20180517,13.58,20180517,1541
20180518,13.36,20180518,1564
20180521,13.6,20180521,1538
20180522,13.52,20180522,1545
20180523,13.86,20180523,1506
20180524,13.85,20180524,1509
20180525,13.89,20180525,1505
20180529,13.71,20180529,1524
20180530,14,20180530,1491
20180531,13.97,20180531,1495
20180601,14.62,20180601,1425
20180604,15,20180604,1388
20180605,15.15,20180605,1376
20180606,15.4,20180606,1350
20180607,15.05,20180607,1382
20180608,15.04,20180608,1383
20180611,15.15,20180611,1373
20180612,15.39,20180612,1352
20180613,15.38,20180613,1354
20180614,15.84,20180614,1312
20180615,15.69,20180615,1325
20180618,15.65,20180618,1328
20180619,15.51,20180619,1340
20180620,15.84,20180620,1307
20180621,15.43,20180621,1342
20180622,15.27,20180622,1355
20180625,14.3,20180625,1442
20180626,14.45,20180626,1427
20180627,13.87,20180627,1483
20180628,14.21,20180628,1446
20180629,14.28,20180629,1439
20180702,14.6,20180702,1406
20180703,14.1,20180703,1456
20180705,14.61,20180705,1402
20180706,15.27,20180706,1340
20180709,15.7,20180709,1301
20180710,15.73,20180710,1299
20180711,15.5,20180711,1320
20180712,16.27,20180712,1253
20180713,16.32,20180713,1249
20180716,16.2,20180716,1259
20180717,16.51,20180717,1234
20180718,16.4,20180718,1242
20180719,16.16,20180719,1262
20180720,16.14,20180720,1264
20180723,16.27,20180723,1252
20180724,16.48,20180724,1236
20180725,17.17,20180725,1184
20180726,16.42,20180726,1236
20180727,15.74,20180727,1288
20180730,15.06,20180730,1343
20180731,15.36,20180731,1318
20180801,15.57,20180801,1299
20180802,16.19,20180802,1247
20180803,16.33,20180803,1236
20180806,16.63,20180806,1213
20180807,16.8,20180807,1201
20180808,16.84,20180808,1199
20180809,16.83,20180809,1200
20180810,16.43,20180810,1227
20180813,16.39,20180813,1231
20180814,16.69,20180814,1210
20180815,16.08,20180815,1252
20180816,16.23,20180816,1243
20180817,16.23,20180817,1241
20180820,16.19,20180820,1244
20180821,16.36,20180821,1231
20180822,16.55,20180822,1217
20180823,16.47,20180823,1223
20180824,16.93,20180824,1189
20180827,17.43,20180827,1154
20180828,17.51,20180828,1149
20180829,18.13,20180829,1108
20180830,18.02,20180830,1115
20180831,18.08,20180831,1111
20180904,17.86,20180904,1126
20180905,17.15,20180905,1171
20180906,16.68,20180906,1201
20180907,16.52,20180907,1213
20180910,16.66,20180910,1203
20180911,17.03,20180911,1176
20180912,16.89,20180912,1187
20180913,17.39,20180913,1152
20180914,17.25,20180914,1160
20180917,16.52,20180917,1211
20180918,16.92,20180918,1180
20180919,16.88,20180919,1184
20180920,17.41,20180920,1145
20180921,17.13,20180921,1165
20180924,17.28,20180924,1155
20180925,17.35,20180925,1150
20180926,17.33,20180926,1143
20180927,17.81,20180927,1113
20180928,17.79,20180928,1114
20181001,17.89,20181001,1108
20181002,17.79,20181002,1114
20181003,17.84,20181003,1113
20181004,16.82,20181004,1175
20181005,16.19,20181005,1220
20181008,15.9,20181008,1241
20181009,16.02,20181009,1232
20181010,13.94,20181010,1393
20181011,13.38,20181011,1444
20181012,14.51,20181012,1324
20181015,13.96,20181015,1375
20181016,15.16,20181016,1259
20181017,15.21,20181017,1253
20181018,14.16,20181018,1338
20181019,14.1,20181019,1346
20181022,14.31,20181022,1324
20181023,14.16,20181023,1338
20181024,12.23,20181024,1523
20181025,13.49,20181025,1369
20181026,12.44,20181026,1469
20181029,11.77,20181029,1555
20181030,12.23,20181030,1488
20181031,13.05,20181031,1388
20181101,13.62,20181101,1327
20181102,13.01,20181102,1389
20181105,12.89,20181105,1402
20181106,13.16,20181106,1370
20181107,14.37,20181107,1244
20181108,14.12,20181108,1267
20181109,13.41,20181109,1330
20181112,12.23,20181112,1450
20181113,12.22,20181113,1448
20181114,11.91,20181114,1484
20181115,12.55,20181115,1406
20181116,12.41,20181116,1421
20181119,11.22,20181119,1561
20181120,10.6,20181120,1643
20181121,10.84,20181121,1608
20181123,10.6,20181123,1645
20181126,11.33,20181126,1531
20181127,11.44,20181127,1514
20181128,12.53,20181128,1372
20181129,12.41,20181129,1385
20181130,12.67,20181130,1353
20181203,13.32,20181203,1286
20181204,11.86,20181204,1429
20181206,12.03,20181206,1402
20181207,10.85,20181207,1543
20181210,11.19,20181210,1494
20181211,11.31,20181211,1479
20181212,11.6,20181212,1440
20181213,11.6,20181213,1439
20181214,10.73,20181214,1545
20181217,10.03,20181217,1653
20181218,10.2,20181218,1620
20181219,9.46,20181219,1739
20181220,9.08,20181220,1810
20181221,8.21,20181221,1990
20181224,7.6,20181224,2135
20181226,8.97,20181226,1734
20181227,9.09,20181227,1708
20181228,9.06,20181228,1713
20181231,9.26,20181231,1676
20190102,9.39,20190102,1650
20190103,8.48,20190103,1813
20190104,9.57,20190104,1575
20190107,9.87,20190107,1525
20190108,10.16,20190108,1482
20190109,10.4,20190109,1449
20190110,10.5,20190110,1434
20190111,10.37,20190111,1450
20190114,10.1,20190114,1491
20190115,10.66,20190115,1404
20190116,10.68,20190116,1402
20190117,10.93,20190117,1371
20190118,11.23,20190118,1332
20190122,10.61,20190122,1409
20190123,10.62,20190123,1406
20190124,10.81,20190124,1380
20190125,11.19,20190125,1330
20190128,10.78,20190128,1380
20190129,10.47,20190129,1420
20190130,11.26,20190130,1312
20190131,11.75,20190131,1253
20190201,11.6,20190201,1271
20190204,12.03,20190204,1225
20190205,12.35,20190205,1192
20190206,12.25,20190206,1201
20190207,11.75,20190207,1250
20190208,11.81,20190208,1243
20190211,11.78,20190211,1247
20190212,12.29,20190212,1193
20190213,12.32,20190213,1192
20190214,12.36,20190214,1186
20190215,12.51,20190215,1173
20190219,12.58,20190219,1166
20190220,12.57,20190220,1166
20190221,12.43,20190221,1180
20190222,12.7,20190222,1154
20190225,12.84,20190225,1141
20190226,12.88,20190226,1138
20190227,12.84,20190227,1142
20190228,12.76,20190228,1150
20190301,13.02,20190301,1125
20190304,13.02,20190304,1125
20190305,13.05,20190305,1123
20190306,12.83,20190306,1141
20190307,12.36,20190307,1186
20190308,12.29,20190308,1190
20190311,13.06,20190311,1117
20190312,13.27,20190312,1098
20190313,13.56,20190313,1076
20190314,13.5,20190314,1079
20190315,13.83,20190315,1054
20190318,13.96,20190318,1043
20190319,14.1,20190319,1034
20190320,14.25,20190320,1018
20190321,14.91,20190321,971
20190322,13.94,20190322,1036
20190325,13.85,20190325,1041
20190326,14.04,20190326,1027
20190327,13.77,20190327,1047
20190328,13.85,20190328,1040
20190329,14.17,20190329,1017
20190401,14.72,20190401,978
20190402,14.89,20190402,966
20190403,15.14,20190403,950
20190404,15.12,20190404,952
20190405,15.35,20190405,937
20190408,15.47,20190408,930
20190409,15.3,20190409,940
20190410,15.55,20190410,925
20190411,15.43,20190411,933
20190412,15.62,20190412,920
20190415,15.63,20190415,921
20190416,15.78,20190416,911
20190417,15.94,20190417,902
20190418,15.99,20190418,900
20190422,16.13,20190422,892
20190423,16.74,20190423,858
20190424,16.58,20190424,866
20190425,16.76,20190425,858
20190426,16.82,20190426,855
20190429,16.91,20190429,850
20190430,16.52,20190430,870
20190501,16.33,20190501,880
20190502,16.13,20190502,890
20190503,16.89,20190503,848
20190506,16.59,20190506,863
20190507,15.63,20190507,914
20190508,15.49,20190508,921
20190509,15.24,20190509,936
20190510,15.29,20190510,935
20190513,13.71,20190513,1032
20190514,14.14,20190514,998
20190515,14.72,20190515,957
20190516,15.18,20190516,928
20190517,14.71,20190517,957
20190520,13.97,20190520,1005
20190521,14.39,20190521,976
20190522,14.21,20190522,987
20190523,13.54,20190523,1032
20190524,13.52,20190524,1035
20190528,13.37,20190528,1048
20190529,13.04,20190529,1073.5
20190530,13.19,20190530,1060.25
20190531,12.56,20190531,1111
20190603,11.75,20190603,1182.25
20190604,12.71,20190604,1087
20190605,12.99,20190605,1062.25
20190606,13.29,20190606,1037.5
20190607,14.04,20190607,978.5
20190610,14.56,20190610,944.25
20190611,14.61,20190611,939.5
20190612,14.36,20190612,956
20190613,14.6,20190613,939.75
20190614,14.41,20190614,953
20190617,14.67,20190617,935
20190618,15.31,20190618,895.5
20190619,15.49,20190619,884.75
20190620,15.91,20190620,861.25
20190621,15.84,20190621,864.25
20190624,15.83,20190624,865.5
20190625,15.02,20190625,902.75
20190626,15.21,20190626,891.25
20190627,15.38,20190627,881.75
20190628,15.44,20190628,878.75
20190701,16.06,20190701,843.5
20190702,16.25,20190702,833.5
20190703,16.61,20190703,815.25
20190705,16.51,20190705,820
20190708,16.16,20190708,837.75
20190709,16.4,20190709,824.5
20190710,16.89,20190710,800.5
20190711,16.84,20190711,802.5
20190712,17.12,20190712,789.25
20190715,17.27,20190715,782
20190716,17.02,20190716,794
20190717,16.77,20190717,805.5
20190718,16.84,20190718,802.5
20190719,16.43,20190719,821.5
20190722,16.82,20190722,801.75
20190723,17.15,20190723,786.75
20190724,17.51,20190724,770
20190725,17.01,20190725,792
20190726,17.52,20190726,768.25
20190729,17.36,20190729,775.5
20190730,17.12,20190730,785.75
20190731,16.4,20190731,818.5
20190801,16.17,20190801,831
20190802,15.43,20190802,869.5
20190805,13.81,20190805,961.25
20190806,14.38,20190806,920.25
20190807,14.59,20190807,908.25
20190808,15.55,20190808,847.5
20190809,15.09,20190809,871.5
20190812,14.59,20190812,901.25
20190813,15.55,20190813,842
20190814,14.15,20190814,918.25
20190815,14.09,20190815,921.25
20190816,14.74,20190816,877.75
20190819,15.43,20190819,838.25
20190820,15.12,20190820,855
20190821,15.5,20190821,832.75
20190822,15.35,20190822,841.25
20190823,13.95,20190823,918.25
20190826,14.51,20190826,880.5
20190827,14.42,20190827,885.25
20190828,14.57,20190828,877.5
20190829,15.23,20190829,836.5
20190830,15.12,20190830,842.25
20190903,14.68,20190903,866.75
20190904,15.3,20190904,830.5
20190905,16.15,20190905,784.75
20190906,16.1,20190906,786.75
20190909,16,20190909,792.25
20190910,15.87,20190910,799
20190911,16.29,20190911,777.5
20190912,16.5,20190912,767.25
20190913,16.32,20190913,775.75
20190916,16.1,20190916,786.75
20190917,16.31,20190917,776
20190918,16.3,20190918,776.75
20190919,16.37,20190919,773.5
20190920,15.86,20190920,796.75
20190923,15.87,20190923,797.25
20190924,15.24,20190924,828.75
20190925,15.73,20190925,796.75
20190926,15.57,20190926,805.5
20190927,15.01,20190927,834.75
20190930,15.41,20190930,812.75
20191001,15.04,20191001,832.25
20191002,14.27,20191002,875.25
20191003,14.74,20191003,845.75
20191004,15.36,20191004,810
20191007,15.21,20191007,818.25
20191008,14.52,20191008,854.75
20191009,14.96,20191009,829
20191010,15.29,20191010,810.5
20191011,15.86,20191011,780.25
20191014,15.88,20191014,779.5
20191015,16.48,20191015,750.25
20191016,16.36,20191016,755.5
20191017,16.47,20191017,750
20191018,16,20191018,771.25
20191021,16.42,20191021,751.25
20191022,16.04,20191022,769
20191023,16.11,20191023,765
20191024,16.58,20191024,743
20191025,16.95,20191025,726.25
20191028,17.47,20191028,703.75
20191029,17.07,20191029,720.25
20191030,17.31,20191030,710.25
20191031,17.32,20191031,709.75
20191101,17.79,20191101,690.5
20191104,18.11,20191104,678
20191105,18.13,20191105,677.5
20191106,18.02,20191106,681.5
20191107,18.2,20191107,675
20191108,18.42,20191108,666.75
20191111,18.34,20191111,669.75
20191112,18.49,20191112,664
20191113,18.46,20191113,665
20191114,18.45,20191114,665.25
20191115,18.8,20191115,653
20191118,18.9,20191118,649
20191119,18.98,20191119,647
20191120,18.65,20191120,658.75
20191121,18.5,20191121,663.5
20191122,18.55,20191122,661.75
20191125,19.19,20191125,638.25
20191126,19.31,20191126,635
20191127,19.7,20191127,622.25
20191129,19.43,20191129,630.75
20191202,18.81,20191202,651.25
20191203,18.39,20191203,665.25
20191204,18.66,20191204,655.25
20191205,18.76,20191205,652
20191206,19.34,20191206,631.75
20191209,19.1,20191209,639.5
20191210,19.06,20191210,641
20191211,19.35,20191211,631
20191212,19.79,20191212,617
20191213,19.97,20191213,611.25
20191216,20.54,20191216,593.75
20191217,20.57,20191217,592.75
20191218,20.61,20191218,591.5
20191219,21.03,20191219,579.5
20191220,21.28,20191220,573.25
20191223,21.44,20191223,568.5
20191224,21.46,20191224,565.25
20191226,22.02,20191226,550.25
20191227,21.95,20191227,552.25
20191230,21.52,20191230,563
20191231,21.64,20191231,559.75
20200102,22.71,20200102,532.5
20200103,22.09,20200103,546.75
20200106,22.51,20200106,536.25
20200107,22.49,20200107,536.5
20200108,23,20200108,524.5
20200109,23.58,20200109,511.25
20200110,23.39,20200110,515.5
20200113,24.21,20200113,497.5
20200114,23.93,20200114,503.5
20200115,23.94,20200115,503.25
20200116,24.61,20200116,489
20200117,24.98,20200117,481.5
20200121,24.96,20200121,482.5
20200122,25.13,20200122,478.75
20200123,25.37,20200123,474.25
20200124,24.71,20200124,486.5
20200127,23.18,20200127,516.5
20200128,24.26,20200128,492.75
20200129,24.35,20200129,490.75
20200130,24.62,20200130,485.25
20200131,23.41,20200131,509
20200203,24.49,20200203,486
20200204,26.16,20200204,452.75
20200205,26.46,20200205,447.5
20200206,27.11,20200206,436.5
20200207,26.76,20200207,442
20200210,27.72,20200210,426
20200211,27.74,20200211,426
20200212,28.55,20200212,413.75
20200213,28.44,20200213,415.5
20200214,28.64,20200214,412.25
20200218,28.69,20200218,411.25
20200219,29.52,20200219,399.75
20200220,28.68,20200220,411.25
20200221,27.04,20200221,434.75
20200224,23.92,20200224,485.25
20200225,21.99,20200225,524.25
20200226,22.29,20200226,516.75
20200227,18.95,20200227,594
20200228,19.25,20200228,585
20200302,21.88,20200302,501.75
20200303,19.82,20200303,552
20200304,22.22,20200304,483.25
20200305,20.27,20200305,526
20200306,19.21,20200306,552.25
20200309,15.31,20200309,666.5
20200310,17.69,20200310,562.5
20200311,15.42,20200311,632
20200312,11.19,20200312,806.75
20200313,14.21,20200313,578
20200316,9.31,20200316,767.25
20200317,10.83,20200317,627
20200318,9.83,20200318,673.5
20200319,10.06,20200319,665
20200320,8.88,20200320,733
20200323,8.9,20200323,737
20200324,10.89,20200324,571
20200325,10.64,20200325,579
20200326,12.37,20200326,486.75
20200327,11.09,20200327,533.75
20200330,12.25,20200330,476
20200331,11.91,20200331,486.5
20200401,10.43,20200401,548.75
20200402,11.05,20200402,516.25
20200403,10.61,20200403,536.5
20200406,12.83,20200406,423.75
20200407,12.8,20200407,422.5
20200408,13.62,20200408,395.75
20200409,13.67,20200409,393.75
20200413,14.14,20200413,380.5
20200414,15.98,20200414,330.75
20200415,15.45,20200415,341.75
20200416,16.27,20200416,323.25
20200417,16.68,20200417,315.25
20200420,16.14,20200420,325.5
20200421,14.36,20200421,361.25
20200422,15.63,20200422,328.75
20200423,15.53,20200423,331.25
20200424,16.27,20200424,315
20200427,16.59,20200427,308.75
20200428,15.7,20200428,325
20200429,17.33,20200429,291.5
20200430,17.44,20200430,289.5
20200501,15.88,20200501,315.5
20200504,16.44,20200504,304.25
20200505,16.96,20200505,294
20200506,17.3,20200506,288.5
20200507,17.97,20200507,277.25
20200508,18.7,20200508,266
20200511,19.16,20200511,259.25
20200512,18.02,20200512,274.75
20200513,17.34,20200513,285
20200514,17.92,20200514,275.5
20200515,18.22,20200515,270
20200518,19.28,20200518,255
20200519,19.13,20200519,257.25
20200520,20.25,20200520,241.5
20200521,19.63,20200521,249
20200522,19.81,20200522,246.75
20200526,19.72,20200526,248
20200527,20,20200527,244.5
20200528,19.87,20200528,245.75
20200529,20.69,20200529,235.75
20200601,20.95,20200601,232.5
20200602,21.37,20200602,228.25
20200603,21.66,20200603,224.25
20200604,21.22,20200604,229.5
20200605,22.47,20200605,216
20200608,22.97,20200608,210.75
20200609,23.49,20200609,206
20200610,24.33,20200610,198.25
20200611,20.75,20200611,228
20200612,21.2,20200612,222.75
20200615,21.95,20200615,214.5
20200616,23.11,20200616,203.75
20200617,23.33,20200617,201.5
20200618,23.51,20200618,199.75
20200619,23.48,20200619,200
20200622,24.32,20200622,193
20200623,24.95,20200623,188
20200624,23.48,20200624,199
20200625,24.1,20200625,193.5
20200626,22.37,20200626,207.5
20200629,23.09,20200629,201.25
20200630,24.41,20200630,189
20200701,25.29,20200701,182.25
20200702,25.82,20200702,178.5
20200706,27.72,20200706,165.5
20200707,27.18,20200707,168.75
20200708,28.22,20200708,162
20200709,28.93,20200709,158
20200710,29.54,20200710,154.5
20200713,27.71,20200713,164
20200714,28.3,20200714,160.5
20200715,28.44,20200715,159.5
20200716,27.83,20200716,163
20200717,27.96,20200717,162.75
20200720,30.34,20200720,148.5
20200721,29.37,20200721,153
20200722,29.71,20200722,151.25
20200723,27.38,20200723,163.25
20200724,26.57,20200724,168
20200727,28,20200727,158.75
20200728,26.95,20200728,164.75
20200729,27.87,20200729,159
20200730,28.32,20200730,156.5
20200731,29.85,20200731,148.25
20200803,30.96,20200803,142.38
20200804,31.36,20200804,140.5
20200805,31.61,20200805,139.75
20200806,32.82,20200806,134
20200807,31.75,20200807,138.5
20200810,31.32,20200810,140.5
20200811,29.54,20200811,148.5
20200812,31.75,20200812,137
20200813,31.98,20200813,136.25
20200814,31.88,20200814,137
20200817,32.94,20200817,132
20200818,33.9,20200818,128.25
20200819,33.24,20200819,130.8
20200820,34.61,20200820,125.3
20200821,35.33,20200821,122.7
20200824,35.99,20200824,120.35
20200825,36.83,20200825,117.55
20200826,39.18,20200826,110
20200827,38.83,20200827,111.1
20200828,39.43,20200828,109.25
20200831,40.34,20200831,106.75
20200901,42.44,20200901,101.2
20200902,43.63,20200902,98.3
20200903,36.93,20200903,113.4
20200904,35.41,20200904,117.9
20200908,30.41,20200908,134.65
20200909,33.02,20200909,123
20200910,31.11,20200910,130.05
20200911,30.43,20200911,132.8
20200914,32,20200914,126
20200915,33.35,20200915,120.5
20200916,31.75,20200916,126.4
20200917,30.29,20200917,132.1
20200918,29.12,20200918,137.4
20200921,29.47,20200921,135.55
20200922,31.08,20200922,128.1
20200923,28.2,20200923,140
20200924,28.61,20200924,137.85
20200925,30.62,20200925,128.15
20200928,32.43,20200928,120.3
20200929,32.09,20200929,121.85
20200930,32.73,20200930,119.25
20201001,34.26,20201001,113.65
20201002,31.43,20201002,123.05
20201005,33.42,20201005,115.3
20201006,31.62,20201006,121.5
20201007,33.28,20201007,115.1
20201008,33.77,20201008,113.2
20201009,35.28,20201009,108.1
20201012,38.57,20201012,98.1
20201013,38.57,20201013,98
20201014,37.62,20201014,100.45
20201015,36.84,20201015,102.6
20201016,36.28,20201016,104.2
20201019,34.47,20201019,109.25
20201020,34.7,20201020,108.45
20201021,34.6,20201021,108.8
20201022,34.62,20201022,108.75
20201023,34.83,20201023,108
20201026,33.24,20201026,112.9
20201027,34.02,20201027,110.3
20201028,30.03,20201028,123.25
20201029,31.56,20201029,116.8
20201030,29.36,20201030,125.15
20201102,29.37,20201102,124.75
20201103,30.85,20201103,118.4
20201104,35.02,20201104,102.4
20201105,37.72,20201105,94.5
20201106,37.85,20201106,94.15
20201109,35.54,20201109,99.9
20201110,33.62,20201110,105.2
20201111,35.88,20201111,98.2
20201112,35.36,20201112,99.5
20201113,36.28,20201113,96.95
20201116,37.12,20201116,94.75
20201117,36.78,20201117,95.5
20201118,35.92,20201118,97.75
20201119,36.82,20201119,95.35
20201120,36.07,20201120,97.35
20201123,36.08,20201123,97.3
20201124,37.55,20201124,93.25
20201125,38.26,20201125,91.45
20201127,39.3,20201127,89
20201130,39.51,20201130,88.5
20201201,41.06,20201201,84.95
20201202,41.22,20201202,84.6
20201203,41.39,20201203,84.25
20201204,41.9,20201204,83.2
20201207,42.61,20201207,81.8
20201208,43,20201208,81
20201209,40.12,20201209,86.45
20201210,40.61,20201210,85.5
20201211,40.33,20201211,86
20201214,41.19,20201214,84.1
20201215,42.47,20201215,81.5
20201216,43.18,20201216,80.15
20201217,44.06,20201217,78.5
20201218,43.58,20201218,79.25
20201221,43.42,20201221,79.75
20201222,43.76,20201222,79.05
20201223,43.1,20201223,80.2
20201224,43.66,20201224,79.15
20201228,44.97,20201228,76.75
20201229,45.11,20201229,76.55
20201230,45.1,20201230,76.55
20201231,45.45,20201231,75.9
20210104,43.46,20210104,79.2
20210105,44.55,20210105,77.25
20210106,42.71,20210106,80.45
20210107,45.8,20210107,74.45
20210108,47.57,20210108,71.7
20210111,45.47,20210111,74.8
20210112,45.27,20210112,75.1
20210113,46.15,20210113,73.7
20210114,45.45,20210114,74.8
20210115,44.34,20210115,76.6
20210119,46.27,20210119,73.2
20210120,49.49,20210120,68.15
20210121,50.72,20210121,66.4
20210122,50.26,20210122,67
20210125,51.66,20210125,65.15
20210126,51.71,20210126,65.05
20210127,47.54,20210127,70.35
20210128,48.24,20210128,69.25
20210129,45.24,20210129,73.55
20210201,48.56,20210201,68.05
20210202,50.91,20210202,64.85
20210203,50.33,20210203,65.5
20210204,52.11,20210204,63.2
20210205,52.65,20210205,62.55
20210208,53.68,20210208,61.3
20210209,53.66,20210209,61.35
20210210,53.28,20210210,61.75
20210211,54.14,20210211,60.75
20210212,55.06,20210212,59.8
20210216,54.6,20210216,60.2
20210217,53.84,20210217,61.1
20210218,53.11,20210218,61.9
20210219,52.41,20210219,62.7
20210222,48.35,20210222,67.6
20210223,47.92,20210223,68.15
20210224,49.08,20210224,66.45
20210225,43.95,20210225,73.5
20210226,44.61,20210226,72.4
20210301,48.5,20210301,65.95
20210302,46.18,20210302,69.1
20210303,42.17,20210303,75.1
20210304,40.09,20210304,78.8
20210305,41.88,20210305,75.2
20210308,38.3,20210308,81.6
20210309,42.81,20210309,71.95
20210310,42.45,20210310,72.5
20210311,45.39,20210311,67.45
20210312,44.26,20210312,69.1
20210315,45.68,20210315,66.9
20210316,46.43,20210316,65.8
20210317,47.01,20210317,65
20210318,42.7,20210318,70.95
20210319,43.24,20210319,70.05
20210322,45.55,20210322,66.25
20210323,44.95,20210323,67.15
20210324,42.68,20210324,70.5
20210325,42.45,20210325,70.85
20210326,44.33,20210326,67.65
20210329,44.3,20210329,67.75
20210330,43.67,20210330,68.75
20210331,45.63,20210331,65.6
20210401,47.95,20210401,62.2
20210405,50.83,20210405,58.55
20210406,50.71,20210406,58.7
20210407,51.09,20210407,58.2
20210408,52.68,20210408,56.35
20210409,53.64,20210409,55.35
20210412,53.43,20210412,55.6
20210413,55.26,20210413,53.6
20210414,53.32,20210414,55.55
20210415,55.67,20210415,52.95
20210416,55.91,20210416,52.8
20210419,54.38,20210419,54.3
20210420,53.19,20210420,55.45
20210421,54.54,20210421,54
20210422,52.55,20210422,55.95
20210423,54.53,20210423,53.85
20210426,55.61,20210426,52.75
20210427,54.88,20210427,53.45
20210428,54.32,20210428,54.05
20210429,54.86,20210429,53.4
20210430,53.83,20210430,54.45
20210503,52.95,20210503,55.3
20210504,50.16,20210504,58.3
20210505,49.58,20210505,58.9
20210506,50.66,20210506,57.6
20210507,51.9,20210507,56.15
20210510,48,20210510,60.4
20210511,47.76,20210511,60.6
20210512,44.13,20210512,65.3
20210513,45.06,20210513,63.85
20210514,47.99,20210514,59.65
20210517,47.18,20210517,60.7
20210518,46.19,20210518,61.9
20210519,46.36,20210519,61.7
20210520,49.04,20210520,58.1
20210521,48.23,20210521,59.05
20210524,50.64,20210524,56.05
20210525,50.89,20210525,55.8
20210526,51.4,20210526,55.25
20210527,50.8,20210527,55.9
20210528,51.3,20210528,55.35
20210601,50.8,20210601,55.9
20210602,51.06,20210602,55.6
20210603,49.46,20210603,57.35
20210604,51.99,20210604,54.35
20210607,52.45,20210607,53.9
20210608,52.51,20210608,53.85
20210609,52.57,20210609,53.75
20210610,54.18,20210610,52.05
20210611,54.61,20210611,51.65
20210614,56.14,20210614,50.2
20210615,55.1,20210615,51.15
20210616,54.51,20210616,51.75
20210617,56.55,20210617,49.75
20210618,55.2,20210618,50.9
20210621,56.21,20210621,50
20210622,57.78,20210622,48.6
20210623,57.88,20210623,48.5
20210624,58.94,20210624,47.6
20210625,58.76,20210625,47.7
20210628,60.84,20210628,46
20210629,61.52,20210629,45.5
20210630,61.25,20210630,45.7
20210701,61.28,20210701,45.7
20210702,63.36,20210702,44.1
20210706,64.21,20210706,43.58
20210707,64.62,20210707,43.25
20210708,63.5,20210708,44.05
20210709,64.58,20210709,43.2
20210712,65.39,20210712,42.75
20210713,65.35,20210713,42.75
20210714,65.71,20210714,42.5
20210715,64.35,20210715,43.35
20210716,62.77,20210716,44.4
20210719,61.26,20210719,45.5
20210720,63.28,20210720,43.95
20210721,64.72,20210721,42.9
20210722,66.08,20210722,42
20210723,68.28,20210723,40.6
20210726,68.57,20210726,40.5
20210727,66.33,20210727,41.8
20210728,67.05,20210728,41.3
20210729,67.38,20210729,41.05
20210730,66.37,20210730,41.7
20210802,66.35,20210802,41.7
20210803,67.51,20210803,40.95
20210804,67.84,20210804,40.75
20210805,69.11,20210805,40
20210806,68.22,20210806,40.5
20210809,68.58,20210809,40.35
20210810,67.56,20210810,40.95
20210811,67.19,20210811,41.1
20210812,67.89,20210812,40.65
20210813,68.57,20210813,40.25
20210816,68.69,20210816,40.2
20210817,66.89,20210817,41.3
20210818,64.94,20210818,42.5
20210819,65.86,20210819,41.8
20210820,67.9,20210820,40.5
20210823,70.93,20210823,38.7
20210824,71.63,20210824,38.35
20210825,71.71,20210825,38.3
20210826,70.49,20210826,38.95
20210827,72.55,20210827,37.85
20210830,74.96,20210830,36.5
20210831,74.75,20210831,36.6
20210901,75.16,20210901,36.45
20210902,75.05,20210902,36.55
20210903,75.72,20210903,36.15
20210907,76.04,20210907,35.95
20210908,75.26,20210908,36.4
20210909,74.45,20210909,36.75
20210910,72.78,20210910,37.65
20210913,72.61,20210913,37.7
20210914,71.99,20210914,38
20210915,73.58,20210915,37.1
20210916,73.72,20210916,37.1
20210917,71.12,20210917,38.4
20210920,66.75,20210920,40.75
20210921,66.83,20210921,40.65
20210922,68.79,20210922,39.45
20210923,70.69,20210923,38.35
20210924,70.9,20210924,38.2
20210927,69.19,20210927,39.15
20210928,63.42,20210928,42.45
20210929,63,20210929,42.7
20210930,62.29,20210930,43.15
20211001,63.42,20211001,42.35
20211004,59.52,20211004,45
20211005,61.81,20211005,43.15
20211006,63.03,20211006,42.35
20211007,64.74,20211007,41.15
20211008,63.74,20211008,41.85
20211011,62.33,20211011,42.75
20211012,61.69,20211012,43.15
20211013,63.14,20211013,42.15
20211014,66.62,20211014,39.8
20211015,67.86,20211015,39.05
20211018,69.89,20211018,37.85
20211019,71.43,20211019,37.1
20211020,71.2,20211020,37.15
20211021,72.47,20211021,36.5
20211022,70.64,20211022,37.4
20211025,72.76,20211025,36.25
20211026,73.44,20211026,35.95
20211027,74.02,20211027,35.65
20211028,76.45,20211028,34.5
20211029,77.58,20211029,33.95
20211101,78.35,20211101,33.65
20211102,79.39,20211102,33.15
20211103,81.91,20211103,32.1
20211104,84.97,20211104,30.95
20211105,85.28,20211105,30.85
20211108,84.93,20211108,30.95
20211109,83.18,20211109,31.55
20211110,79.54,20211110,33
20211111,80.18,20211111,32.65
20211112,82.73,20211112,31.6
20211115,82.7,20211115,31.65
20211116,84.41,20211116,30.95
20211117,84.51,20211117,30.95
20211118,87.1,20211118,29.95
20211119,88.57,20211119,29.45
20211122,85.5,20211122,30.55
20211123,84.34,20211123,30.95
20211124,85.12,20211124,30.6
20211126,80.42,20211126,32.3
20211129,85.42,20211129,30.25
20211130,81.75,20211130,31.55
20211201,77.55,20211201,33.25
20211202,79.01,20211202,32.45
20211203,75.04,20211203,34.1
20211206,76.8,20211206,33.3
20211207,83.72,20211207,30.25
20211208,84.89,20211208,29.9
20211209,81.22,20211209,31.15
20211210,83.74,20211210,30.15
20211213,80.14,20211213,31.5
20211214,77.75,20211214,32.45
20211215,82.9,20211215,30.3
20211216,76.57,20211216,32.5
20211217,75.4,20211217,33
20211220,73.15,20211220,34
20211221,78.04,20211221,31.7
20211222,80.82,20211222,30.6
20211223,82.74,20211223,29.9
20211227,86.7,20211227,28.45
20211228,85.68,20211228,28.75
20211229,85.54,20211229,28.8
20211230,84.74,20211230,29.05
20211231,83.17,20211231,29.7
20220103,85.57,20220103,28.7
20220104,82.24,20220104,29.85
20220105,74.68,20220105,32.65
20220106,74.47,20220106,32.7
20220107,72.04,20220107,33.7
20220110,72.3,20220110,33.55
20220111,75.48,20220111,32.15
20220112,76.34,20220112,31.7
20220113,70.8,20220113,34.06
20220114,71.87,20220114,33.5
20220118,66.69,20220118,35.9
20220119,64.37,20220119,37.15
20220120,61.88,20220120,38.61
20220121,56.67,20220121,41.79
20220124,57.49,20220124,41.27
20220125,53.25,20220125,44.08
20220126,53.15,20220126,44.15
20220127,51.56,20220127,45.6
20220128,56.37,20220128,41.32
20220131,61.83,20220131,37.38
20220201,63.01,20220201,36.58
20220202,64.5,20220202,35.71
20220203,56.74,20220203,39.96
20220204,58.7,20220204,38.55
20220207,57.37,20220207,39.36
20220208,59.32,20220208,38.08
20220209,63,20220209,35.66
20220210,58.82,20220210,38.03
20220211,53.28,20220211,41.62
20220214,53.43,20220214,41.52
20220215,57.3,20220215,38.45
20220216,57.29,20220216,38.48
20220217,52.21,20220217,41.89
20220218,50.44,20220218,43.29
20220222,48.88,20220222,44.6
20220223,45.14,20220223,48.01
20220224,49.56,20220224,43.32
20220225,51.91,20220225,41.17
20220228,52.46,20220228,40.73
20220301,50.04,20220301,42.65
20220302,52.43,20220302,40.58
20220303,50.24,20220303,42.27
20220304,48.09,20220304,44.11
20220307,42.72,20220307,49.01
20220308,42.13,20220308,49.67
20220309,46.64,20220309,44.36
20220310,45.14,20220310,45.77
20220311,42.34,20220311,48.54
20220314,39.86,20220314,51.39
20220315,43.55,20220315,46.64
20220316,48.44,20220316,41.38
20220317,50.06,20220317,39.92
20220318,53.17,20220318,37.49
20220321,52.79,20220321,37.74
20220322,55.91,20220322,35.53
20220323,53.55,20220323,37.03
20220324,57.02,20220324,34.59
20220325,56.93,20220325,34.65
20220328,59.52,20220328,33.06
20220329,62.57,20220329,31.37
20220330,60.69,20220330,32.32
20220331,58.18,20220331,33.67
20220401,57.93,20220401,33.78
20220404,61.55,20220404,31.71
20220405,57.48,20220405,33.77
20220406,53.7,20220406,35.98
20220407,54.05,20220407,35.74
20220408,51.84,20220408,37.2
20220411,48.16,20220411,39.84
20220412,47.54,20220412,40.39
20220413,50.39,20220413,37.96
20220414,47,20220414,40.54
20220418,47.13,20220418,40.38
20220419,50.16,20220419,37.77
20220420,47.9,20220420,39.44
20220421,45.09,20220421,41.8
20220422,41.51,20220422,45.14
20220425,43.05,20220425,43.38
20220426,38.21,20220426,48.2
20220427,38.04,20220427,48.46
20220428,42.06,20220428,43.35
20220429,36.53,20220429,49.03
20220502,38.25,20220502,46.64
20220503,38.34,20220503,46.53
20220504,42.14,20220504,41.79
20220505,35.86,20220505,47.95
20220506,34.61,20220506,49.81
20220509,30.52,20220509,55.61
20220510,31.57,20220510,53.65
20220511,28.76,20220511,58.43
20220512,28.53,20220512,58.76
20220513,31.63,20220513,52.44
20220516,30.65,20220516,54.05
20220517,32.96,20220517,49.95
20220518,28.15,20220518,57.21
20220519,27.58,20220519,58.26
20220520,27.34,20220520,58.73
20220523,28.69,20220523,55.81
20220524,26.9,20220524,59.34
20220525,27.98,20220525,56.9
20220526,30.32,20220526,52.16
20220527,33.29,20220527,47.01
20220531,33.05,20220531,47.31
20220601,32.28,20220601,48.5
20220602,34.9,20220602,44.5
20220603,32.14,20220603,47.96
20220606,32.54,20220606,47.45
20220607,33.33,20220607,46.25
20220608,32.65,20220608,47.2
20220609,29.99,20220609,51.03
20220610,26.79,20220610,56.52
20220613,23.08,20220613,64.21
20220614,23.23,20220614,63.83
20220615,24.9,20220615,59.17
20220616,21.86,20220616,66.09
20220617,22.67,20220617,63.96
20220621,24.38,20220621,59.18
20220622,24.29,20220622,59.39
20220623,25.33,20220623,56.85
20220624,27.98,20220624,51.01
20220627,27.32,20220627,52
20220628,24.83,20220628,56.77
20220629,24.88,20220629,56.65
20220630,24,20220630,58.84
20220701,24.39,20220701,57.62
20220705,25.65,20220705,54.66
20220706,26.14,20220706,53.65
20220707,27.76,20220707,50.28
20220708,27.89,20220708,50.04
20220711,26.11,20220711,53.24
20220712,25.35,20220712,54.78
20220713,25.19,20220713,55.12
20220714,25.45,20220714,54.53
20220715,26.79,20220715,51.64
20220718,26.17,20220718,52.89
20220719,28.46,20220719,48.15
20220720,29.89,20220720,45.76
20220721,31.16,20220721,43.8
20220722,29.53,20220722,46.08
20220725,29.09,20220725,46.83
20220726,27.33,20220726,49.62
20220727,30.74,20220727,43.47
20220728,31.62,20220728,42.13
20220729,33.36,20220729,39.83
20220801,33.31,20220801,39.89
20220802,33,20220802,40.28
20220803,35.64,20220803,37.06
20220804,36.15,20220804,36.5
20220805,35.29,20220805,37.38
20220808,34.93,20220808,37.75
20220809,33.73,20220809,39.02
20220810,36.5,20220810,35.83
20220811,35.95,20220811,36.34
20220812,37.98,20220812,34.29
20220815,38.89,20220815,33.45
20220816,38.64,20220816,33.69
20220817,37.3,20220817,34.88
20220818,37.55,20220818,34.64
20220819,35.35,20220819,36.66
20220822,32.57,20220822,39.54
20220823,32.46,20220823,39.68
20220824,32.71,20220824,39.34
20220825,34.43,20220825,37.3
20220826,30.24,20220826,41.86
20220829,29.31,20220829,43.12
20220830,28.33,20220830,44.53
20220831,27.81,20220831,45.39
20220901,27.84,20220901,45.32
20220902,26.68,20220902,47.23
20220906,26.07,20220906,48.29
20220907,27.61,20220907,45.42
20220908,28.06,20220908,44.69
20220909,29.84,20220909,41.84
20220912,30.93,20220912,40.31
20220913,25.84,20220913,46.96
20220914,26.42,20220914,45.84
20220915,25.09,20220915,48.14
20220916,24.6,20220916,49.12
20220919,25.19,20220919,47.92
20220920,24.59,20220920,49.08
20220921,23.24,20220921,51.78
20220922,22.38,20220922,53.68
20220923,21.31,20220923,56.26
20220926,21.02,20220926,56.97
20220927,21.04,20220927,56.93
20220928,22.27,20220928,53.68
20220929,20.39,20220929,58.15
20220930,19.32,20220930,61.32
20221003,20.66,20221003,56.97
20221004,22.58,20221004,51.66
20221005,22.58,20221005,51.61
20221006,22.01,20221006,52.97
20221007,19.5,20221007,59.07
20221010,18.89,20221010,60.93
20221011,18.14,20221011,63.2
20221012,18.1,20221012,63.35
20221013,19.31,20221013,59.11
20221014,17.57,20221014,64.38
20221017,19.3,20221017,58
20221018,19.78,20221018,56.59
20221019,19.54,20221019,57.16
20221020,19.21,20221020,58.19
20221021,20.57,20221021,54.08
20221024,21.27,20221024,52.24
20221025,22.55,20221025,49.11
20221026,21.06,20221026,52.32
20221027,19.9,20221027,55.2
20221028,21.7,20221028,50.18
20221031,20.95,20221031,51.9
20221101,20.3,20221101,53.49
20221102,18.2,20221102,59.04
20221103,17.15,20221103,62.45
20221104,17.95,20221104,59.55
20221107,18.52,20221107,57.66
20221108,18.92,20221108,56.4
20221109,17.6,20221109,60.37
20221110,21.45,20221110,47.08
20221111,22.67,20221111,44.37
20221114,22.07,20221114,45.52
20221115,22.96,20221115,43.67
20221116,22.03,20221116,45.45
20221117,21.86,20221117,45.79
20221118,21.84,20221118,45.83
20221121,21.18,20221121,47.24
20221122,22.07,20221122,45.32
20221123,22.73,20221123,43.94
20221125,22.26,20221125,44.83
20221128,21.28,20221128,46.83
20221129,20.77,20221129,47.92
20221130,23.56,20221130,41.38
20221201,23.69,20221201,41.25
20221202,23.41,20221202,41.79
20221205,22.23,20221205,43.85
20221206,20.82,20221206,46.58
20221207,20.57,20221207,47.24
20221208,21.3,20221208,45.6
20221209,20.89,20221209,46.49
20221212,21.65,20221212,44.77
20221213,22.33,20221213,43.34
20221214,21.8,20221214,44.43
20221215,19.64,20221215,48.78
20221216,19.06,20221216,50.24
20221219,18.27,20221219,52.31
20221220,18.19,20221220,52.53
20221221,18.98,20221221,50.3
20221222,17.54,20221222,53.75
20221223,17.59,20221223,53.5
20221227,16.84,20221227,55.81
20221228,16.16,20221228,58.07
20221229,17.3,20221229,53.86
20221230,17.3,20221230,54.01
20230103,16.91,20230103,55.15
20230104,17.17,20230104,54.41
20230105,16.36,20230105,56.93
20230106,17.64,20230106,52.4
20230109,18.01,20230109,51.28
20230110,18.49,20230110,50.03
20230111,19.41,20230111,47.46
20230112,19.71,20230112,46.74
20230113,20.1,20230113,45.81
20230117,20.21,20230117,45.62
20230118,19.46,20230118,47.34
20230119,18.85,20230119,48.82
20230120,20.39,20230120,44.79
20230123,21.73,20230123,41.84
20230124,21.6,20230124,42.13
20230125,21.44,20230125,42.42
20230126,22.68,20230126,39.99
20230127,23.33,20230127,38.85
20230130,21.93,20230130,41.2
20230131,22.91,20230131,39.36
20230201,24.39,20230201,36.84
20230202,26.91,20230202,33.01
20230203,25.52,20230203,34.67
20230206,24.87,20230206,35.58
20230207,26.41,20230207,33.38
20230208,24.99,20230208,35.16
20230209,24.32,20230209,36.13
20230210,23.82,20230210,36.87
20230213,24.95,20230213,35.1
20230214,25.49,20230214,34.36
20230215,26.06,20230215,33.58
20230216,24.57,20230216,35.5
20230217,24.04,20230217,36.29
20230221,22.35,20230221,38.87
20230222,22.37,20230222,38.84
20230223,22.93,20230223,37.85
20230224,21.77,20230224,39.79
20230227,22.24,20230227,38.93
20230228,22.13,20230228,39.13
20230301,21.59,20230301,40.07
20230302,22.11,20230302,39.13
20230303,23.46,20230303,36.73
20230306,23.56,20230306,36.6
20230307,22.68,20230307,37.96
20230308,22.99,20230308,37.41
20230309,21.78,20230309,39.45
20230310,20.88,20230310,41.08
20230313,21.33,20230313,40.19
20230314,22.78,20230314,37.46
20230315,23.11,20230315,36.93
20230316,24.94,20230316,34.02
20230317,24.57,20230317,34.49
20230320,24.83,20230320,34.17
20230321,25.88,20230321,32.74
20230322,24.68,20230322,33.86
20230323,25.56,20230323,32.69
20230324,25.82,20230324,32.34
20230327,25.29,20230327,33.01
20230328,24.87,20230328,33.55
20230329,26.23,20230329,31.76
20230330,26.94,20230330,30.88
20230331,28.26,20230331,29.36
20230403,28.06,20230403,29.56
20230404,27.78,20230404,29.87
20230405,26.89,20230405,30.84
20230406,27.43,20230406,30.21
20230410,27.37,20230410,30.29
20230411,26.84,20230411,30.88
20230412,26.13,20230412,31.69
20230413,27.63,20230413,29.9
20230414,27.47,20230414,30.07
20230417,27.5,20230417,30.03
20230418,27.52,20230418,30.02
20230419,27.46,20230419,30.07
20230420,26.82,20230420,30.81
20230421,26.87,20230421,30.73
20230424,26.71,20230424,30.93
20230425,25.2,20230425,32.69
20230426,25.62,20230426,32.15
20230427,27.69,20230427,29.56
20230428,28.25,20230428,28.96
20230501,28.17,20230501,29.05
20230502,27.42,20230502,29.81
20230503,26.88,20230503,30.42
20230504,26.58,20230504,30.78
20230505,28.21,20230505,28.84
20230508,28.44,20230508,28.64
20230509,27.89,20230509,29.2
20230510,28.79,20230510,28.27
20230511,29.03,20230511,28.04
20230512,28.73,20230512,28.34
20230515,29.17,20230515,27.9
20230516,29.28,20230516,27.81
20230517,30.33,20230517,26.81
20230518,31.96,20230518,25.38
20230519,31.74,20230519,25.56
20230522,32.07,20230522,25.3
20230523,30.83,20230523,26.27
20230524,30.33,20230524,26.67
20230525,32.52,20230525,24.8
20230526,34.98,20230526,22.91
20230530,35.47,20230530,22.59
20230531,34.75,20230531,23.06
20230601,36.01,20230601,22.22